매수일,매도일,ticker,sector,result,pnl_pct,held_days,btc_regime,btc_rsi14,btc_pct_ma20,btc_ret10,mstr_rsi14,mstr_pct_ma20,qqq_rsi14,qqq_pct_ma20,qqq_bull,vix,ticker_price,ticker_rsi14,ticker_pct_ma20,ticker_ret5,ticker_ret10,ticker_vol_ratio
2023-10-06,2023-10-12,TQQQ,SEMI,profit,3.04,6,2.0,66.0106130624207,3.6035615786511843,6.596220641943762,50.00514279298414,2.8366659054370467,43.41285941776595,0.2660790195656134,0.0,17.450000762939453,18.184913635253906,41.4,-0.23,4.86,4.83,1.43
2023-10-12,2023-10-12,JEPI,OTHER,profit,0.09,0,0.0,46.88787573084445,-1.4883509624690294,-2.8113485457543885,50.40972060655269,-1.7178088729192877,64.95028843556888,2.0232901080853893,0.0,16.690000534057617,,,,,,
2023-10-12,2023-10-12,TQQQ,SEMI,profit,0.56,0,0.0,46.88787573084445,-1.4883509624690294,-2.8113485457543885,50.40972060655269,-1.7178088729192877,64.95028843556888,2.0232901080853893,0.0,16.690000534057617,18.929841995239258,63.5,5.27,9.34,9.4,1.08
2023-10-12,2023-10-12,TQQQ,SEMI,profit,0.35,0,0.0,46.88787573084445,-1.4883509624690294,-2.8113485457543885,50.40972060655269,-1.7178088729192877,64.95028843556888,2.0232901080853893,0.0,16.690000534057617,18.929841995239258,63.5,5.27,9.34,9.4,1.08
2023-10-12,2023-10-12,TQQQ,SEMI,profit,1.42,0,0.0,46.88787573084445,-1.4883509624690294,-2.8113485457543885,50.40972060655269,-1.7178088729192877,64.95028843556888,2.0232901080853893,0.0,16.690000534057617,18.929841995239258,63.5,5.27,9.34,9.4,1.08
2023-10-13,2023-10-13,TQQQ,SEMI,profit,1.89,0,0.0,49.419359049610385,-1.1511407714968915,-2.0692816631324495,45.16496293355529,-3.0195504777946853,56.57014600324452,0.8102797745097845,0.0,19.31999969482422,18.214130401611328,55.0,1.59,0.16,5.03,1.17
2023-11-07,2023-11-09,JEPI,OTHER,profit,1.04,2,2.0,67.93140695505713,5.582540239978298,3.971854481260362,86.59098874574295,21.05061179560119,58.06960103461431,3.4390033254886285,0.0,14.8100004196167,,,,,,
2023-12-19,2023-12-21,TQQQ,SEMI,profit,1.76,2,1.0,41.2674141583708,0.6841785087581413,-3.328586084575713,64.68571480429372,4.52190533640264,79.18769272644573,4.031771611560194,1.0,12.529999732971191,24.840545654296875,78.9,11.87,8.37,17.86,0.76
2023-12-21,2023-12-21,CONL,BTC,profit,0.15,0,1.0,52.57940828865687,3.1262171080439485,6.3653646695845945,64.2030950089023,4.986568309773523,71.55480759534049,3.2338154481184116,1.0,13.649999618530273,32.339866638183594,72.2,28.25,13.83,35.37,0.66
2023-12-21,2023-12-22,CONL,BTC,profit,5.86,1,1.0,52.57940828865687,3.1262171080439485,6.3653646695845945,64.2030950089023,4.986568309773523,71.55480759534049,3.2338154481184116,1.0,13.649999618530273,32.339866638183594,72.2,28.25,13.83,35.37,0.66
2023-12-22,2023-12-25,CONL,BTC,profit,6.77,3,1.0,49.19125013810939,2.882103134671368,6.146359474659779,64.52802092861427,10.725083906045118,78.42402020132138,3.131784435091225,1.0,13.029999732971191,34.484554290771484,72.5,32.63,28.61,29.48,1.17
2023-12-28,2024-01-08,BITU,BTC,profit,4.15,11,1.0,48.02500114909307,-0.5210095567864753,0.010126813364030873,69.15042577433688,14.960357902360672,81.12542880572497,3.048467714523345,1.0,12.470000267028809,,,,,,
2023-12-25,2024-02-14,BITX,BTC,profit,1.46,51,2.0,63.19472996555473,1.4687524310773663,4.01476874736002,64.52802092861427,10.725083906045118,78.42402020132138,3.131784435091225,1.0,13.029999732971191,18.815195083618164,55.4,8.18,7.04,-5.13,0.7
2024-02-29,2024-03-06,TSLL,SEMI,profit,6.43,6,3.0,77.79108280971637,16.34316748522064,18.19118173257044,78.83093546823571,48.69302142321009,56.37442199277887,1.5363499747260196,1.0,13.399999618530273,9.316899299621582,60.2,6.59,3.33,9.88,0.78
2024-02-19,2024-03-06,TSLL,SEMI,profit,12.16,16,2.0,90.59586593103487,9.679920441424354,9.824433665739196,70.55893865704921,25.105962202219338,52.304754673158094,0.5702763961314217,1.0,14.239999771118164,9.216717720031738,57.7,5.6,4.55,9.05,1.13
2024-03-06,2024-03-07,BITX,BTC,profit,12.12,1,3.0,74.62066438433914,16.142157103953675,27.784006731044908,68.33801749247502,51.27414439256223,55.5489162208169,0.8169220693629379,1.0,14.5,37.75104522705078,71.7,40.58,16.18,60.76,1.62
2024-03-07,2024-03-13,SOXL,SEMI,profit,8.45,6,3.0,76.69317749294797,16.07493884951604,22.748597820491657,72.3736784146008,50.56818150439073,59.84519448151313,2.1891175262997065,1.0,14.4399995803833,54.509029388427734,74.3,31.93,29.13,33.56,1.27
2024-03-14,2024-03-15,TSLL,SEMI,profit,4.21,1,2.0,70.61305868014752,11.095342785818962,4.487283927030572,78.52953125961093,53.791402988971385,52.279818258336874,0.3673010204812014,1.0,14.399999618530273,6.684853553771973,25.3,-20.56,-13.44,-28.25,1.53
2024-04-02,2024-04-04,CONL,BTC,profit,0.99,2,1.0,56.583423355404804,-3.656374408766659,2.1616014805922346,49.57962434207382,0.28417671982014986,47.01766205815613,-0.014733112262616256,1.0,14.609999656677246,65.62999725341797,45.0,-5.98,-22.94,2.24,0.75
2024-04-19,2024-04-25,BITU,BTC,profit,3.8,6,0.0,41.754198698842075,-4.790294601496943,-7.659127432796742,26.250305204682775,-22.926899483651425,24.80893854061631,-5.31126607344329,0.0,18.709999084472656,,,,,,
2024-05-10,2024-05-16,AAPB,OTHER,profit,0.43,6,0.0,42.47955955291313,-3.5351626069550974,0.25714043677669274,41.24848638784104,-3.8444180894549436,73.08293826533267,2.842195472145217,1.0,12.550000190734863,,,,,,
2024-05-29,2024-05-30,CONL,BTC,profit,0.81,1,1.0,53.83321558064566,1.6613326370684605,1.961011741316887,66.3728232090134,14.767392105778928,77.83824659967615,2.255858069558994,1.0,14.279999732971191,53.65999984741211,58.0,13.2,8.54,30.4,0.89
2023-10-13,2024-06-12,TQQQ,SEMI,profit,76.22,243,0.0,49.419359049610385,-1.1511407714968915,-2.0692816631324495,45.16496293355529,-3.0195504777946853,56.57014600324452,0.8102797745097845,0.0,19.31999969482422,18.214130401611328,55.0,1.59,0.16,5.03,1.17
2024-07-04,2024-07-19,ETHU,BTC,profit,5.39,15,0.0,28.031793195142228,-9.285342454752305,-5.4742078584834815,30.355149624832137,-12.695256443463782,70.2309428573243,3.0509902124272053,1.0,12.09000015258789,,,,,,
2024-07-22,2024-07-24,ETHU,BTC,profit,4.99,2,3.0,84.8868455457544,10.491067896976123,16.728626391260228,76.44171797386878,23.50027733483587,50.30931513888493,-1.0286572504859905,1.0,14.90999984741211,,,,,,
2024-09-23,2024-09-24,UVIX,OTHER,profit,3.92,1,2.0,75.61660188361378,7.010609413254813,4.554136966551492,69.7867514508355,12.80689749514382,68.5200384478551,2.9132136461792686,1.0,15.890000343322754,,,,,,
2024-09-24,2024-09-25,MSTX,BTC,profit,3.31,1,2.0,76.27722474107453,8.075288841648835,7.160801574813513,70.3719365032998,15.444925725718148,71.10253041943659,3.2919191344019167,1.0,15.390000343322754,,,,,,
2024-10-10,2024-10-11,CONL,BTC,profit,0.37,1,0.0,27.05542673283206,-4.179677114925898,-4.823976188032431,71.49866230364177,14.09688077565029,62.84422227033079,1.9529162680744154,1.0,20.93000030517578,20.780000686645508,44.4,-7.43,0.68,-18.73,0.99
2024-10-17,2024-10-17,MSTU,BTC,profit,1.06,0,2.0,75.86160417765183,6.4875555249812935,8.296036079518787,58.367386508098754,9.73437196035315,55.15104455693104,0.7338631875130049,1.0,19.110000610351562,50.33000183105469,56.2,15.39,7.61,34.03,1.03
2024-10-17,2024-10-22,MSTU,BTC,profit,234.36,5,2.0,75.86160417765183,6.4875555249812935,8.296036079518787,58.367386508098754,9.73437196035315,55.15104455693104,0.7338631875130049,1.0,19.110000610351562,50.33000183105469,56.2,15.39,7.61,34.03,1.03
2024-10-18,2024-10-23,MSTU,BTC,profit,20.24,5,2.0,75.30548313274915,7.88172624990021,10.118495259334592,70.09353664373826,20.044935426549397,57.02052313123844,1.2622145688482609,1.0,18.030000686645508,61.849998474121094,68.2,36.81,1.0,42.22,1.8
2024-10-22,2024-10-29,MSTU,BTC,profit,12.88,7,2.0,69.44586794770339,4.4312069722140155,6.596270578227159,74.23842404821983,17.763089699790612,67.6937737260489,1.3290382029458836,1.0,18.200000762939453,63.470001220703125,72.0,31.54,25.48,23.92,0.92
2024-10-23,2024-10-29,MSTU,BTC,profit,14.99,6,2.0,72.80652168351341,2.5397419579229408,5.697282378468249,71.39711990011114,12.806235345531686,57.22829046203906,-0.24959690730432232,1.0,19.239999771118164,60.119998931884766,68.5,21.2,18.16,21.38,1.3
2024-10-29,2024-10-30,MSTU,BTC,profit,5.45,1,2.0,69.72890969536604,8.848007528855474,6.374463883489145,75.9838035638839,25.861750398105084,59.56863820611465,1.7694124552076127,1.0,19.34000015258789,86.0999984741211,74.7,50.13,35.65,70.23,1.93
2024-10-11,2024-10-31,MSTU,BTC,profit,8.12,20,1.0,36.348003671277226,-0.6540215303501539,2.6432628577100825,77.52769495942078,29.435471628726795,62.39184887062443,1.9151988600692615,1.0,20.459999084472656,,,,,,
2024-04-05,2024-10-31,BITU,BTC,profit,2.3,209,2.0,59.929290074102276,0.14211970126567786,-3.072241459816172,39.08193810780325,-11.583298717100769,59.87023068297978,-0.15259098557515582,1.0,16.030000686645508,,,,,,
2024-10-11,2024-10-31,MSTX,BTC,profit,70.37,20,1.0,36.348003671277226,-0.6540215303501539,2.6432628577100825,77.52769495942078,29.435471628726795,62.39184887062443,1.9151988600692615,1.0,20.459999084472656,,,,,,
2024-10-31,2024-11-13,MSTU,BTC,profit,23.93,13,2.0,58.735532490173995,3.560749109219151,4.226550010814001,64.20368889725657,14.592097955240144,40.78669316002329,-1.7161335252860621,1.0,23.15999984741211,76.69000244140625,61.7,24.99,5.07,52.37,1.26
2024-10-31,2024-11-13,MSTU,BTC,profit,24.45,13,2.0,58.735532490173995,3.560749109219151,4.226550010814001,64.20368889725657,14.592097955240144,40.78669316002329,-1.7161335252860621,1.0,23.15999984741211,76.69000244140625,61.7,24.99,5.07,52.37,1.26
2024-10-31,2024-11-13,MSTX,BTC,profit,23.99,13,2.0,58.735532490173995,3.560749109219151,4.226550010814001,64.20368889725657,14.592097955240144,40.78669316002329,-1.7161335252860621,1.0,23.15999984741211,,,,,,
2024-11-13,2024-11-14,MSTX,BTC,profit,36.78,1,3.0,81.68346276367701,22.07801999493917,31.775810124558145,70.71074243266952,30.25499437460183,66.8412775305465,2.7912627770945173,1.0,14.020000457763672,,,,,,
2024-11-13,2024-11-14,MSTX,BTC,profit,38.38,1,3.0,81.68346276367701,22.07801999493917,31.775810124558145,70.71074243266952,30.25499437460183,66.8412775305465,2.7912627770945173,1.0,14.020000457763672,,,,,,
2024-11-20,2024-11-22,CONL,BTC,profit,3.7,2,3.0,81.91247142593167,15.526147336869622,17.229505656705136,84.64514142725709,59.60293293290901,66.68973812129711,0.5008407634533774,1.0,17.15999984741211,63.9900016784668,74.9,43.96,24.3,48.47,1.3
2024-11-22,2024-11-26,UVIX,OTHER,profit,11.49,4,2.0,83.96565189355188,17.022305848642176,12.553862273172678,74.21885042254789,34.216915277841906,67.81987134458251,0.7913220648084238,1.0,15.239999771118164,,,,,,
2024-11-13,2024-12-04,ETHU,BTC,profit,11.23,21,3.0,81.68346276367701,22.07801999493917,31.775810124558145,70.71074243266952,30.25499437460183,66.8412775305465,2.7912627770945173,1.0,14.020000457763672,,,,,,
2025-03-18,2025-03-18,MSTX,BTC,profit,0.33,0,0.0,42.78992548448592,-2.7183562255903637,-3.9882884944832053,54.10654330115401,1.851703677098095,32.663327132606966,-4.712563583966429,0.0,21.700000762939453,,,,,,
2025-03-17,2025-03-24,MSTU,BTC,profit,21.1,7,0.0,46.79358490395029,-1.2168233526601684,-3.074593296876127,58.959136835366664,4.878988875618548,35.91258430786718,-3.6868820705359027,0.0,20.510000228881836,59.5,55.7,-0.3,47.28,25.0,0.7
2025-03-05,2025-03-24,MSTU,BTC,profit,3.28,19,0.0,42.46497358625357,-1.7254892927226706,-5.86904456051589,45.95670725637161,2.2338661751147995,33.55436724246766,-3.755384283360389,0.0,21.93000030517578,70.0,41.7,-4.26,31.33,-14.0,1.88
2025-03-12,2025-03-24,MSTU,BTC,profit,32.32,12,0.0,49.23044880685253,-4.607521559586612,-11.168356807301583,39.020281466761574,-8.61564692867045,22.418425048226197,-6.45499517079805,0.0,24.229999542236328,48.20000076293945,34.7,-25.12,-31.14,-9.57,1.39
2025-03-20,2025-03-26,MSTU,BTC,profit,16.26,6,0.0,41.47650355764329,-1.127643008876607,7.175667641853001,60.26680112998632,9.355714754268156,35.71783147398139,-2.6248538529749554,0.0,19.799999237060547,62.0,57.0,10.82,27.31,-9.62,0.83
2025-03-26,2025-03-27,MSTU,BTC,profit,4.62,1,2.0,57.233583087058456,3.196013916327983,5.232758131350401,55.92105668856389,14.759154416747943,48.322857837490986,-0.197846268540208,0.0,18.329999923706055,73.0,52.6,24.57,15.87,51.45,0.69
2025-03-26,2025-03-27,MSTU,BTC,profit,4.38,1,2.0,57.233583087058456,3.196013916327983,5.232758131350401,55.92105668856389,14.759154416747943,48.322857837490986,-0.197846268540208,0.0,18.329999923706055,73.0,52.6,24.57,15.87,51.45,0.69
2025-03-26,2025-03-27,MSTU,BTC,profit,3.86,1,2.0,57.233583087058456,3.196013916327983,5.232758131350401,55.92105668856389,14.759154416747943,48.322857837490986,-0.197846268540208,0.0,18.329999923706055,73.0,52.6,24.57,15.87,51.45,0.69
2025-04-16,2025-04-17,MSTX,BTC,profit,6.16,1,0.0,52.61687485737949,1.8293307137238024,7.440287894245934,47.70785466470971,3.5633776173194778,39.44994492234413,-3.8031189775553407,0.0,32.63999938964844,,,,,,
2025-03-28,2025-05-02,MSTU,BTC,profit,2.05,35,0.0,50.98409370811025,0.2519156906247094,1.976158220349733,63.345046143914296,-1.1859643802910924,48.18542636105629,-2.8146508816945652,0.0,21.649999618530273,55.20000076293945,59.9,-8.31,-12.1,-9.21,0.95
2025-03-28,2025-05-02,MSTU,BTC,profit,4.12,35,0.0,50.98409370811025,0.2519156906247094,1.976158220349733,63.345046143914296,-1.1859643802910924,48.18542636105629,-2.8146508816945652,0.0,21.649999618530273,55.20000076293945,59.9,-8.31,-12.1,-9.21,0.95
2025-03-28,2025-05-05,MSTU,BTC,profit,6.06,38,0.0,50.98409370811025,0.2519156906247094,1.976158220349733,63.345046143914296,-1.1859643802910924,48.18542636105629,-2.8146508816945652,0.0,21.649999618530273,55.20000076293945,59.9,-8.31,-12.1,-9.21,0.95
2025-03-28,2025-05-05,MSTU,BTC,profit,6.08,38,0.0,50.98409370811025,0.2519156906247094,1.976158220349733,63.345046143914296,-1.1859643802910924,48.18542636105629,-2.8146508816945652,0.0,21.649999618530273,55.20000076293945,59.9,-8.31,-12.1,-9.21,0.95
2025-03-28,2025-05-05,MSTU,BTC,profit,6.22,38,0.0,50.98409370811025,0.2519156906247094,1.976158220349733,63.345046143914296,-1.1859643802910924,48.18542636105629,-2.8146508816945652,0.0,21.649999618530273,55.20000076293945,59.9,-8.31,-12.1,-9.21,0.95
2025-03-28,2025-05-06,MSTU,BTC,profit,6.95,39,0.0,50.98409370811025,0.2519156906247094,1.976158220349733,63.345046143914296,-1.1859643802910924,48.18542636105629,-2.8146508816945652,0.0,21.649999618530273,55.20000076293945,59.9,-8.31,-12.1,-9.21,0.95
2025-03-28,2025-05-06,MSTU,BTC,profit,6.85,39,0.0,50.98409370811025,0.2519156906247094,1.976158220349733,63.345046143914296,-1.1859643802910924,48.18542636105629,-2.8146508816945652,0.0,21.649999618530273,55.20000076293945,59.9,-8.31,-12.1,-9.21,0.95
2025-03-28,2025-05-06,MSTU,BTC,profit,7.09,39,0.0,50.98409370811025,0.2519156906247094,1.976158220349733,63.345046143914296,-1.1859643802910924,48.18542636105629,-2.8146508816945652,0.0,21.649999618530273,55.20000076293945,59.9,-8.31,-12.1,-9.21,0.95
2025-03-28,2025-05-06,MSTU,BTC,profit,5.09,39,0.0,50.98409370811025,0.2519156906247094,1.976158220349733,63.345046143914296,-1.1859643802910924,48.18542636105629,-2.8146508816945652,0.0,21.649999618530273,55.20000076293945,59.9,-8.31,-12.1,-9.21,0.95
2025-03-28,2025-05-06,MSTU,BTC,profit,4.97,39,0.0,50.98409370811025,0.2519156906247094,1.976158220349733,63.345046143914296,-1.1859643802910924,48.18542636105629,-2.8146508816945652,0.0,21.649999618530273,55.20000076293945,59.9,-8.31,-12.1,-9.21,0.95
2025-03-28,2025-05-07,MSTU,BTC,profit,3.42,40,0.0,50.98409370811025,0.2519156906247094,1.976158220349733,63.345046143914296,-1.1859643802910924,48.18542636105629,-2.8146508816945652,0.0,21.649999618530273,55.20000076293945,59.9,-8.31,-12.1,-9.21,0.95
2025-03-28,2025-05-07,MSTU,BTC,profit,3.31,40,0.0,50.98409370811025,0.2519156906247094,1.976158220349733,63.345046143914296,-1.1859643802910924,48.18542636105629,-2.8146508816945652,0.0,21.649999618530273,55.20000076293945,59.9,-8.31,-12.1,-9.21,0.95
2025-03-28,2025-05-07,MSTU,BTC,profit,3.35,40,0.0,50.98409370811025,0.2519156906247094,1.976158220349733,63.345046143914296,-1.1859643802910924,48.18542636105629,-2.8146508816945652,0.0,21.649999618530273,55.20000076293945,59.9,-8.31,-12.1,-9.21,0.95
2025-03-28,2025-05-08,MSTU,BTC,profit,0.94,41,0.0,50.98409370811025,0.2519156906247094,1.976158220349733,63.345046143914296,-1.1859643802910924,48.18542636105629,-2.8146508816945652,0.0,21.649999618530273,55.20000076293945,59.9,-8.31,-12.1,-9.21,0.95
2025-03-28,2025-05-08,MSTU,BTC,profit,1.18,41,0.0,50.98409370811025,0.2519156906247094,1.976158220349733,63.345046143914296,-1.1859643802910924,48.18542636105629,-2.8146508816945652,0.0,21.649999618530273,55.20000076293945,59.9,-8.31,-12.1,-9.21,0.95
2025-03-28,2025-05-08,MSTU,BTC,profit,1.79,41,0.0,50.98409370811025,0.2519156906247094,1.976158220349733,63.345046143914296,-1.1859643802910924,48.18542636105629,-2.8146508816945652,0.0,21.649999618530273,55.20000076293945,59.9,-8.31,-12.1,-9.21,0.95
2025-05-08,2025-05-08,SOXL,SEMI,profit,0.65,0,2.0,75.88430913247075,9.78059481372468,8.699536409460018,91.38840394659269,17.810451105510346,77.13371014549443,4.904379025767209,1.0,22.479999542236328,13.613001823425293,78.5,20.71,12.89,13.83,0.74
2025-03-28,2025-05-08,MSTU,BTC,profit,1.79,41,0.0,50.98409370811025,0.2519156906247094,1.976158220349733,63.345046143914296,-1.1859643802910924,48.18542636105629,-2.8146508816945652,0.0,21.649999618530273,55.20000076293945,59.9,-8.31,-12.1,-9.21,0.95
2025-03-28,2025-05-08,MSTU,BTC,profit,0.69,41,0.0,50.98409370811025,0.2519156906247094,1.976158220349733,63.345046143914296,-1.1859643802910924,48.18542636105629,-2.8146508816945652,0.0,21.649999618530273,55.20000076293945,59.9,-8.31,-12.1,-9.21,0.95
2025-03-28,2025-05-08,MSTU,BTC,profit,1.79,41,0.0,50.98409370811025,0.2519156906247094,1.976158220349733,63.345046143914296,-1.1859643802910924,48.18542636105629,-2.8146508816945652,0.0,21.649999618530273,55.20000076293945,59.9,-8.31,-12.1,-9.21,0.95
2025-03-28,2025-05-08,MSTU,BTC,profit,0.94,41,0.0,50.98409370811025,0.2519156906247094,1.976158220349733,63.345046143914296,-1.1859643802910924,48.18542636105629,-2.8146508816945652,0.0,21.649999618530273,55.20000076293945,59.9,-8.31,-12.1,-9.21,0.95
2025-03-28,2025-05-08,MSTU,BTC,profit,0.69,41,0.0,50.98409370811025,0.2519156906247094,1.976158220349733,63.345046143914296,-1.1859643802910924,48.18542636105629,-2.8146508816945652,0.0,21.649999618530273,55.20000076293945,59.9,-8.31,-12.1,-9.21,0.95
2025-03-28,2025-05-08,MSTU,BTC,profit,0.97,41,0.0,50.98409370811025,0.2519156906247094,1.976158220349733,63.345046143914296,-1.1859643802910924,48.18542636105629,-2.8146508816945652,0.0,21.649999618530273,55.20000076293945,59.9,-8.31,-12.1,-9.21,0.95
2025-03-28,2025-05-09,MSTU,BTC,profit,9.23,42,0.0,50.98409370811025,0.2519156906247094,1.976158220349733,63.345046143914296,-1.1859643802910924,48.18542636105629,-2.8146508816945652,0.0,21.649999618530273,55.20000076293945,59.9,-8.31,-12.1,-9.21,0.95
2025-03-28,2025-05-09,MSTU,BTC,profit,8.61,42,0.0,50.98409370811025,0.2519156906247094,1.976158220349733,63.345046143914296,-1.1859643802910924,48.18542636105629,-2.8146508816945652,0.0,21.649999618530273,55.20000076293945,59.9,-8.31,-12.1,-9.21,0.95
2025-03-28,2025-05-09,MSTU,BTC,profit,8.13,42,0.0,50.98409370811025,0.2519156906247094,1.976158220349733,63.345046143914296,-1.1859643802910924,48.18542636105629,-2.8146508816945652,0.0,21.649999618530273,55.20000076293945,59.9,-8.31,-12.1,-9.21,0.95
2025-03-28,2025-05-09,MSTU,BTC,profit,8.86,42,0.0,50.98409370811025,0.2519156906247094,1.976158220349733,63.345046143914296,-1.1859643802910924,48.18542636105629,-2.8146508816945652,0.0,21.649999618530273,55.20000076293945,59.9,-8.31,-12.1,-9.21,0.95
2025-03-28,2025-05-12,MSTU,BTC,profit,18.8,45,0.0,50.98409370811025,0.2519156906247094,1.976158220349733,63.345046143914296,-1.1859643802910924,48.18542636105629,-2.8146508816945652,0.0,21.649999618530273,55.20000076293945,59.9,-8.31,-12.1,-9.21,0.95
2025-03-28,2025-05-12,MSTU,BTC,profit,18.57,45,0.0,50.98409370811025,0.2519156906247094,1.976158220349733,63.345046143914296,-1.1859643802910924,48.18542636105629,-2.8146508816945652,0.0,21.649999618530273,55.20000076293945,59.9,-8.31,-12.1,-9.21,0.95
2025-04-30,2025-05-12,ROBN,BTC,profit,5.48,12,2.0,84.99029719964983,5.8864102435955825,10.60532028484602,80.51013971466534,19.323001327688104,54.76886707481683,5.017873981676455,0.0,24.700000762939453,15.175345420837402,65.4,27.83,20.29,21.31,1.12
2025-03-28,2025-05-12,MSTU,BTC,profit,19.06,45,0.0,50.98409370811025,0.2519156906247094,1.976158220349733,63.345046143914296,-1.1859643802910924,48.18542636105629,-2.8146508816945652,0.0,21.649999618530273,55.20000076293945,59.9,-8.31,-12.1,-9.21,0.95
2025-03-28,2025-05-12,MSTU,BTC,profit,19.29,45,0.0,50.98409370811025,0.2519156906247094,1.976158220349733,63.345046143914296,-1.1859643802910924,48.18542636105629,-2.8146508816945652,0.0,21.649999618530273,55.20000076293945,59.9,-8.31,-12.1,-9.21,0.95
2025-03-28,2025-05-12,MSTU,BTC,profit,17.35,45,0.0,50.98409370811025,0.2519156906247094,1.976158220349733,63.345046143914296,-1.1859643802910924,48.18542636105629,-2.8146508816945652,0.0,21.649999618530273,55.20000076293945,59.9,-8.31,-12.1,-9.21,0.95
2025-03-28,2025-05-12,MSTU,BTC,profit,18.92,45,0.0,50.98409370811025,0.2519156906247094,1.976158220349733,63.345046143914296,-1.1859643802910924,48.18542636105629,-2.8146508816945652,0.0,21.649999618530273,55.20000076293945,59.9,-8.31,-12.1,-9.21,0.95
2025-03-28,2025-05-13,MSTU,BTC,profit,24.45,46,0.0,50.98409370811025,0.2519156906247094,1.976158220349733,63.345046143914296,-1.1859643802910924,48.18542636105629,-2.8146508816945652,0.0,21.649999618530273,55.20000076293945,59.9,-8.31,-12.1,-9.21,0.95
2025-03-28,2025-05-13,MSTU,BTC,profit,24.21,46,0.0,50.98409370811025,0.2519156906247094,1.976158220349733,63.345046143914296,-1.1859643802910924,48.18542636105629,-2.8146508816945652,0.0,21.649999618530273,55.20000076293945,59.9,-8.31,-12.1,-9.21,0.95
2025-03-28,2025-05-13,MSTU,BTC,profit,22.26,46,0.0,50.98409370811025,0.2519156906247094,1.976158220349733,63.345046143914296,-1.1859643802910924,48.18542636105629,-2.8146508816945652,0.0,21.649999618530273,55.20000076293945,59.9,-8.31,-12.1,-9.21,0.95
2025-03-28,2025-05-13,MSTU,BTC,profit,22.27,46,0.0,50.98409370811025,0.2519156906247094,1.976158220349733,63.345046143914296,-1.1859643802910924,48.18542636105629,-2.8146508816945652,0.0,21.649999618530273,55.20000076293945,59.9,-8.31,-12.1,-9.21,0.95
2025-03-28,2025-05-13,MSTU,BTC,profit,23.6,46,0.0,50.98409370811025,0.2519156906247094,1.976158220349733,63.345046143914296,-1.1859643802910924,48.18542636105629,-2.8146508816945652,0.0,21.649999618530273,55.20000076293945,59.9,-8.31,-12.1,-9.21,0.95
2025-03-28,2025-05-13,MSTU,BTC,profit,24.08,46,0.0,50.98409370811025,0.2519156906247094,1.976158220349733,63.345046143914296,-1.1859643802910924,48.18542636105629,-2.8146508816945652,0.0,21.649999618530273,55.20000076293945,59.9,-8.31,-12.1,-9.21,0.95
2025-03-28,2025-05-14,MSTU,BTC,profit,26.97,47,0.0,50.98409370811025,0.2519156906247094,1.976158220349733,63.345046143914296,-1.1859643802910924,48.18542636105629,-2.8146508816945652,0.0,21.649999618530273,55.20000076293945,59.9,-8.31,-12.1,-9.21,0.95
2025-03-28,2025-05-14,MSTU,BTC,profit,26.46,47,0.0,50.98409370811025,0.2519156906247094,1.976158220349733,63.345046143914296,-1.1859643802910924,48.18542636105629,-2.8146508816945652,0.0,21.649999618530273,55.20000076293945,59.9,-8.31,-12.1,-9.21,0.95
2025-03-28,2025-05-14,MSTU,BTC,profit,40.22,47,0.0,50.98409370811025,0.2519156906247094,1.976158220349733,63.345046143914296,-1.1859643802910924,48.18542636105629,-2.8146508816945652,0.0,21.649999618530273,55.20000076293945,59.9,-8.31,-12.1,-9.21,0.95
2025-04-14,2025-05-14,MSTU,BTC,profit,109.53,30,0.0,52.9624541029464,2.051360481532187,0.8331992329114302,44.89919611409513,4.098256445235485,39.717651869600594,-1.4757487428519864,0.0,30.889999389648438,56.70000076293945,39.8,-2.97,24.89,3.85,0.86
2025-04-14,2025-05-14,MSTU,BTC,profit,109.13,30,0.0,52.9624541029464,2.051360481532187,0.8331992329114302,44.89919611409513,4.098256445235485,39.717651869600594,-1.4757487428519864,0.0,30.889999389648438,56.70000076293945,39.8,-2.97,24.89,3.85,0.86
2025-03-28,2025-05-14,MSTU,BTC,profit,26.87,47,0.0,50.98409370811025,0.2519156906247094,1.976158220349733,63.345046143914296,-1.1859643802910924,48.18542636105629,-2.8146508816945652,0.0,21.649999618530273,55.20000076293945,59.9,-8.31,-12.1,-9.21,0.95
2025-05-06,2025-05-15,CONL,BTC,profit,21.64,9,2.0,63.9757001414611,4.65461768409,2.2774609616149855,89.369072580464,14.038305868190786,63.2406164258562,4.430613328966539,0.0,24.760000228881836,16.8700008392334,65.2,7.34,-9.25,6.17,0.59
2025-05-16,2025-05-16,TSLL,SEMI,profit,0.15,0,2.0,68.43241113640343,4.419150160310987,6.907687424383924,62.50101775209407,4.2848578899718435,87.94432865444978,7.797224368497502,1.0,17.239999771118164,14.735039710998535,76.5,41.66,35.98,45.88,1.02
2025-04-14,2025-05-16,MSTU,BTC,profit,19.65,32,0.0,52.9624541029464,2.051360481532187,0.8331992329114302,44.89919611409513,4.098256445235485,39.717651869600594,-1.4757487428519864,0.0,30.889999389648438,56.70000076293945,39.8,-2.97,24.89,3.85,0.86
2025-05-12,2025-05-19,CONL,BTC,profit,19.84,7,2.0,70.75479742724278,5.760660549243064,6.091093313074003,79.64541131012926,11.185861129429183,89.9709419693239,8.001722913498005,1.0,18.389999389648438,18.510000228881836,61.4,10.77,6.69,0.38,2.28
2025-05-21,2025-05-23,XXRP,BTC,profit,6.12,2,2.0,80.1070990805996,7.5178171236166245,5.351948510590199,57.61316854294021,2.024710602937516,74.20484625963935,3.65563192443687,1.0,20.8700008392334,34.19121551513672,56.4,2.95,-14.89,24.54,1.17
2025-05-23,2025-05-28,CONL,BTC,profit,1.28,5,2.0,60.32652023838669,3.843140609316516,2.9931746061268916,44.36722579878879,-6.970008626943983,69.2802447281412,2.0289894486569584,1.0,22.290000915527344,28.079999923706055,68.1,25.47,-2.84,63.35,0.78
2025-06-12,2025-06-12,PLTR2,SEMI,profit,0.36,0,1.0,50.68682273048175,-0.6099637197078586,0.044883594843181385,41.8756234596786,-1.440396261694498,70.91460720722834,2.0044919808460597,1.0,18.020000457763672,,,,,,
2025-05-23,2025-06-24,CONL,BTC,profit,23.52,32,2.0,60.32652023838669,3.843140609316516,2.9931746061268916,44.36722579878879,-6.970008626943983,69.2802447281412,2.0289894486569584,1.0,22.290000915527344,28.079999923706055,68.1,25.47,-2.84,63.35,0.78
2025-05-23,2025-06-24,CONL,BTC,profit,24.77,32,2.0,60.32652023838669,3.843140609316516,2.9931746061268916,44.36722579878879,-6.970008626943983,69.2802447281412,2.0289894486569584,1.0,22.290000915527344,28.079999923706055,68.1,25.47,-2.84,63.35,0.78
2025-05-23,2025-06-24,CONL,BTC,profit,19.43,32,2.0,60.32652023838669,3.843140609316516,2.9931746061268916,44.36722579878879,-6.970008626943983,69.2802447281412,2.0289894486569584,1.0,22.290000915527344,28.079999923706055,68.1,25.47,-2.84,63.35,0.78
2025-05-23,2025-06-25,CONL,BTC,profit,26.22,33,2.0,60.32652023838669,3.843140609316516,2.9931746061268916,44.36722579878879,-6.970008626943983,69.2802447281412,2.0289894486569584,1.0,22.290000915527344,28.079999923706055,68.1,25.47,-2.84,63.35,0.78
2025-05-23,2025-06-25,CONL,BTC,profit,26.19,33,2.0,60.32652023838669,3.843140609316516,2.9931746061268916,44.36722579878879,-6.970008626943983,69.2802447281412,2.0289894486569584,1.0,22.290000915527344,28.079999923706055,68.1,25.47,-2.84,63.35,0.78
2025-05-23,2025-06-25,CONL,BTC,profit,26.19,33,2.0,60.32652023838669,3.843140609316516,2.9931746061268916,44.36722579878879,-6.970008626943983,69.2802447281412,2.0289894486569584,1.0,22.290000915527344,28.079999923706055,68.1,25.47,-2.84,63.35,0.78
2025-05-23,2025-06-25,CONL,BTC,profit,26.22,33,2.0,60.32652023838669,3.843140609316516,2.9931746061268916,44.36722579878879,-6.970008626943983,69.2802447281412,2.0289894486569584,1.0,22.290000915527344,28.079999923706055,68.1,25.47,-2.84,63.35,0.78
2025-05-23,2025-06-25,CONL,BTC,profit,26.22,33,2.0,60.32652023838669,3.843140609316516,2.9931746061268916,44.36722579878879,-6.970008626943983,69.2802447281412,2.0289894486569584,1.0,22.290000915527344,28.079999923706055,68.1,25.47,-2.84,63.35,0.78
2025-05-23,2025-06-25,CONL,BTC,profit,26.51,33,2.0,60.32652023838669,3.843140609316516,2.9931746061268916,44.36722579878879,-6.970008626943983,69.2802447281412,2.0289894486569584,1.0,22.290000915527344,28.079999923706055,68.1,25.47,-2.84,63.35,0.78
2025-05-23,2025-06-25,CONL,BTC,profit,26.51,33,2.0,60.32652023838669,3.843140609316516,2.9931746061268916,44.36722579878879,-6.970008626943983,69.2802447281412,2.0289894486569584,1.0,22.290000915527344,28.079999923706055,68.1,25.47,-2.84,63.35,0.78
2025-05-23,2025-06-25,CONL,BTC,profit,26.51,33,2.0,60.32652023838669,3.843140609316516,2.9931746061268916,44.36722579878879,-6.970008626943983,69.2802447281412,2.0289894486569584,1.0,22.290000915527344,28.079999923706055,68.1,25.47,-2.84,63.35,0.78
2025-05-23,2025-06-25,CONL,BTC,profit,26.22,33,2.0,60.32652023838669,3.843140609316516,2.9931746061268916,44.36722579878879,-6.970008626943983,69.2802447281412,2.0289894486569584,1.0,22.290000915527344,28.079999923706055,68.1,25.47,-2.84,63.35,0.78
2025-05-23,2025-06-25,CONL,BTC,profit,26.22,33,2.0,60.32652023838669,3.843140609316516,2.9931746061268916,44.36722579878879,-6.970008626943983,69.2802447281412,2.0289894486569584,1.0,22.290000915527344,28.079999923706055,68.1,25.47,-2.84,63.35,0.78
2025-05-23,2025-06-25,CONL,BTC,profit,26.22,33,2.0,60.32652023838669,3.843140609316516,2.9931746061268916,44.36722579878879,-6.970008626943983,69.2802447281412,2.0289894486569584,1.0,22.290000915527344,28.079999923706055,68.1,25.47,-2.84,63.35,0.78
2025-05-23,2025-06-25,CONL,BTC,profit,26.51,33,2.0,60.32652023838669,3.843140609316516,2.9931746061268916,44.36722579878879,-6.970008626943983,69.2802447281412,2.0289894486569584,1.0,22.290000915527344,28.079999923706055,68.1,25.47,-2.84,63.35,0.78
2025-05-23,2025-06-25,CONL,BTC,profit,26.19,33,2.0,60.32652023838669,3.843140609316516,2.9931746061268916,44.36722579878879,-6.970008626943983,69.2802447281412,2.0289894486569584,1.0,22.290000915527344,28.079999923706055,68.1,25.47,-2.84,63.35,0.78
2025-05-23,2025-06-25,CONL,BTC,profit,26.61,33,2.0,60.32652023838669,3.843140609316516,2.9931746061268916,44.36722579878879,-6.970008626943983,69.2802447281412,2.0289894486569584,1.0,22.290000915527344,28.079999923706055,68.1,25.47,-2.84,63.35,0.78
2025-05-23,2025-06-25,CONL,BTC,profit,26.51,33,2.0,60.32652023838669,3.843140609316516,2.9931746061268916,44.36722579878879,-6.970008626943983,69.2802447281412,2.0289894486569584,1.0,22.290000915527344,28.079999923706055,68.1,25.47,-2.84,63.35,0.78
2025-05-23,2025-06-25,CONL,BTC,profit,20.98,33,2.0,60.32652023838669,3.843140609316516,2.9931746061268916,44.36722579878879,-6.970008626943983,69.2802447281412,2.0289894486569584,1.0,22.290000915527344,28.079999923706055,68.1,25.47,-2.84,63.35,0.78
2025-05-23,2025-06-25,CONL,BTC,profit,25.69,33,2.0,60.32652023838669,3.843140609316516,2.9931746061268916,44.36722579878879,-6.970008626943983,69.2802447281412,2.0289894486569584,1.0,22.290000915527344,28.079999923706055,68.1,25.47,-2.84,63.35,0.78
2025-05-23,2025-06-25,CONL,BTC,profit,26.0,33,2.0,60.32652023838669,3.843140609316516,2.9931746061268916,44.36722579878879,-6.970008626943983,69.2802447281412,2.0289894486569584,1.0,22.290000915527344,28.079999923706055,68.1,25.47,-2.84,63.35,0.78
2025-05-23,2025-06-25,CONL,BTC,profit,25.14,33,2.0,60.32652023838669,3.843140609316516,2.9931746061268916,44.36722579878879,-6.970008626943983,69.2802447281412,2.0289894486569584,1.0,22.290000915527344,28.079999923706055,68.1,25.47,-2.84,63.35,0.78
2025-05-23,2025-06-25,CONL,BTC,profit,26.36,33,2.0,60.32652023838669,3.843140609316516,2.9931746061268916,44.36722579878879,-6.970008626943983,69.2802447281412,2.0289894486569584,1.0,22.290000915527344,28.079999923706055,68.1,25.47,-2.84,63.35,0.78
2025-05-23,2025-06-25,CONL,BTC,profit,26.61,33,2.0,60.32652023838669,3.843140609316516,2.9931746061268916,44.36722579878879,-6.970008626943983,69.2802447281412,2.0289894486569584,1.0,22.290000915527344,28.079999923706055,68.1,25.47,-2.84,63.35,0.78
2025-05-23,2025-06-25,CONL,BTC,profit,26.61,33,2.0,60.32652023838669,3.843140609316516,2.9931746061268916,44.36722579878879,-6.970008626943983,69.2802447281412,2.0289894486569584,1.0,22.290000915527344,28.079999923706055,68.1,25.47,-2.84,63.35,0.78
2025-05-23,2025-06-25,CONL,BTC,profit,26.61,33,2.0,60.32652023838669,3.843140609316516,2.9931746061268916,44.36722579878879,-6.970008626943983,69.2802447281412,2.0289894486569584,1.0,22.290000915527344,28.079999923706055,68.1,25.47,-2.84,63.35,0.78
2025-05-23,2025-06-25,CONL,BTC,profit,26.51,33,2.0,60.32652023838669,3.843140609316516,2.9931746061268916,44.36722579878879,-6.970008626943983,69.2802447281412,2.0289894486569584,1.0,22.290000915527344,28.079999923706055,68.1,25.47,-2.84,63.35,0.78
2025-05-23,2025-06-25,CONL,BTC,profit,26.19,33,2.0,60.32652023838669,3.843140609316516,2.9931746061268916,44.36722579878879,-6.970008626943983,69.2802447281412,2.0289894486569584,1.0,22.290000915527344,28.079999923706055,68.1,25.47,-2.84,63.35,0.78
2025-05-23,2025-06-25,CONL,BTC,profit,26.51,33,2.0,60.32652023838669,3.843140609316516,2.9931746061268916,44.36722579878879,-6.970008626943983,69.2802447281412,2.0289894486569584,1.0,22.290000915527344,28.079999923706055,68.1,25.47,-2.84,63.35,0.78
2025-05-23,2025-06-25,CONL,BTC,profit,26.54,33,2.0,60.32652023838669,3.843140609316516,2.9931746061268916,44.36722579878879,-6.970008626943983,69.2802447281412,2.0289894486569584,1.0,22.290000915527344,28.079999923706055,68.1,25.47,-2.84,63.35,0.78
2025-05-23,2025-06-25,CONL,BTC,profit,26.82,33,2.0,60.32652023838669,3.843140609316516,2.9931746061268916,44.36722579878879,-6.970008626943983,69.2802447281412,2.0289894486569584,1.0,22.290000915527344,28.079999923706055,68.1,25.47,-2.84,63.35,0.78
2025-05-23,2025-06-25,CONL,BTC,profit,26.82,33,2.0,60.32652023838669,3.843140609316516,2.9931746061268916,44.36722579878879,-6.970008626943983,69.2802447281412,2.0289894486569584,1.0,22.290000915527344,28.079999923706055,68.1,25.47,-2.84,63.35,0.78
2025-05-23,2025-06-25,CONL,BTC,profit,26.82,33,2.0,60.32652023838669,3.843140609316516,2.9931746061268916,44.36722579878879,-6.970008626943983,69.2802447281412,2.0289894486569584,1.0,22.290000915527344,28.079999923706055,68.1,25.47,-2.84,63.35,0.78
2025-05-23,2025-06-25,CONL,BTC,profit,27.03,33,2.0,60.32652023838669,3.843140609316516,2.9931746061268916,44.36722579878879,-6.970008626943983,69.2802447281412,2.0289894486569584,1.0,22.290000915527344,28.079999923706055,68.1,25.47,-2.84,63.35,0.78
2025-05-23,2025-06-25,CONL,BTC,profit,27.03,33,2.0,60.32652023838669,3.843140609316516,2.9931746061268916,44.36722579878879,-6.970008626943983,69.2802447281412,2.0289894486569584,1.0,22.290000915527344,28.079999923706055,68.1,25.47,-2.84,63.35,0.78
2025-05-23,2025-06-25,CONL,BTC,profit,27.03,33,2.0,60.32652023838669,3.843140609316516,2.9931746061268916,44.36722579878879,-6.970008626943983,69.2802447281412,2.0289894486569584,1.0,22.290000915527344,28.079999923706055,68.1,25.47,-2.84,63.35,0.78
2025-05-23,2025-06-25,CONL,BTC,profit,27.03,33,2.0,60.32652023838669,3.843140609316516,2.9931746061268916,44.36722579878879,-6.970008626943983,69.2802447281412,2.0289894486569584,1.0,22.290000915527344,28.079999923706055,68.1,25.47,-2.84,63.35,0.78
2025-05-23,2025-06-25,CONL,BTC,profit,26.36,33,2.0,60.32652023838669,3.843140609316516,2.9931746061268916,44.36722579878879,-6.970008626943983,69.2802447281412,2.0289894486569584,1.0,22.290000915527344,28.079999923706055,68.1,25.47,-2.84,63.35,0.78
2025-05-23,2025-06-25,CONL,BTC,profit,26.51,33,2.0,60.32652023838669,3.843140609316516,2.9931746061268916,44.36722579878879,-6.970008626943983,69.2802447281412,2.0289894486569584,1.0,22.290000915527344,28.079999923706055,68.1,25.47,-2.84,63.35,0.78
2025-05-23,2025-06-25,CONL,BTC,profit,20.45,33,2.0,60.32652023838669,3.843140609316516,2.9931746061268916,44.36722579878879,-6.970008626943983,69.2802447281412,2.0289894486569584,1.0,22.290000915527344,28.079999923706055,68.1,25.47,-2.84,63.35,0.78
2025-05-23,2025-06-25,CONL,BTC,profit,20.45,33,2.0,60.32652023838669,3.843140609316516,2.9931746061268916,44.36722579878879,-6.970008626943983,69.2802447281412,2.0289894486569584,1.0,22.290000915527344,28.079999923706055,68.1,25.47,-2.84,63.35,0.78
2025-05-23,2025-06-25,CONL,BTC,profit,19.26,33,2.0,60.32652023838669,3.843140609316516,2.9931746061268916,44.36722579878879,-6.970008626943983,69.2802447281412,2.0289894486569584,1.0,22.290000915527344,28.079999923706055,68.1,25.47,-2.84,63.35,0.78
2025-05-23,2025-06-25,CONL,BTC,profit,25.2,33,2.0,60.32652023838669,3.843140609316516,2.9931746061268916,44.36722579878879,-6.970008626943983,69.2802447281412,2.0289894486569584,1.0,22.290000915527344,28.079999923706055,68.1,25.47,-2.84,63.35,0.78
2025-05-23,2025-06-25,CONL,BTC,profit,20.52,33,2.0,60.32652023838669,3.843140609316516,2.9931746061268916,44.36722579878879,-6.970008626943983,69.2802447281412,2.0289894486569584,1.0,22.290000915527344,28.079999923706055,68.1,25.47,-2.84,63.35,0.78
2025-05-23,2025-06-25,CONL,BTC,profit,20.98,33,2.0,60.32652023838669,3.843140609316516,2.9931746061268916,44.36722579878879,-6.970008626943983,69.2802447281412,2.0289894486569584,1.0,22.290000915527344,28.079999923706055,68.1,25.47,-2.84,63.35,0.78
2025-06-03,2025-06-25,CONL,BTC,profit,36.62,22,1.0,46.46084138126968,-1.105257544409973,-2.188201316376548,36.73549148118233,-1.7475630219726024,62.88773355696916,3.0678886085166277,1.0,17.690000534057617,26.860000610351562,48.8,8.56,-6.48,-5.49,0.69
2025-06-24,2025-06-26,MSTU,BTC,profit,1.15,2,1.0,38.21305769793365,0.5743370199710518,0.5434848628951272,43.82635053276379,0.13013311979484743,62.353418726321486,2.3175555531045484,1.0,17.479999542236328,76.0,41.3,-1.27,-3.55,-8.76,0.89
2025-06-12,2025-06-26,TSLL,SEMI,profit,16.47,14,1.0,50.68682273048175,-0.6099637197078586,0.044883594843181385,41.8756234596786,-1.440396261694498,70.91460720722834,2.0044919808460597,1.0,18.020000457763672,11.648516654968262,40.6,-12.62,24.26,-24.05,0.85
2025-06-26,2025-06-27,PLTR2,SEMI,profit,1.81,1,1.0,53.37920855008059,1.0412084841100264,0.15285313041675241,61.093645401552536,2.10773668783308,70.4244680669932,3.065324193378362,1.0,16.59000015258789,,,,,,
2025-06-26,2025-06-27,CONL,BTC,profit,17.49,1,1.0,53.37920855008059,1.0412084841100264,0.15285313041675241,61.093645401552536,2.10773668783308,70.4244680669932,3.065324193378362,1.0,16.59000015258789,53.0,87.3,75.45,57.93,111.75,1.55
2025-06-26,2025-06-27,CONL,BTC,profit,19.73,1,1.0,53.37920855008059,1.0412084841100264,0.15285313041675241,61.093645401552536,2.10773668783308,70.4244680669932,3.065324193378362,1.0,16.59000015258789,53.0,87.3,75.45,57.93,111.75,1.55
2025-06-26,2025-06-27,PLTR2,SEMI,profit,1.66,1,1.0,53.37920855008059,1.0412084841100264,0.15285313041675241,61.093645401552536,2.10773668783308,70.4244680669932,3.065324193378362,1.0,16.59000015258789,,,,,,
2025-06-26,2025-06-27,CONL,BTC,profit,17.72,1,1.0,53.37920855008059,1.0412084841100264,0.15285313041675241,61.093645401552536,2.10773668783308,70.4244680669932,3.065324193378362,1.0,16.59000015258789,53.0,87.3,75.45,57.93,111.75,1.55
2025-06-26,2025-06-27,CONL,BTC,profit,17.46,1,1.0,53.37920855008059,1.0412084841100264,0.15285313041675241,61.093645401552536,2.10773668783308,70.4244680669932,3.065324193378362,1.0,16.59000015258789,53.0,87.3,75.45,57.93,111.75,1.55
2025-06-26,2025-06-30,CONL,BTC,profit,24.77,4,1.0,53.37920855008059,1.0412084841100264,0.15285313041675241,61.093645401552536,2.10773668783308,70.4244680669932,3.065324193378362,1.0,16.59000015258789,53.0,87.3,75.45,57.93,111.75,1.55
2025-06-25,2025-07-01,NUGT,OTHER,profit,10.83,6,1.0,46.237008967012414,1.5435085225796417,1.7140688696235973,56.10066185412155,2.9989160355422264,62.29031544341746,2.3799646782430233,1.0,16.760000228881836,,,,,,
2025-07-03,2025-07-03,TSLL,SEMI,profit,0.45,0,2.0,63.38998267642856,3.508311138352719,3.8551704515813467,59.43607998505379,5.4879896598702,69.06171280194916,3.599900598902321,1.0,16.3799991607666,11.087176322937012,46.8,-4.55,-7.32,-6.2,0.41
2025-07-02,2025-07-03,ROBN,BTC,profit,24.05,1,2.0,61.07798847114456,2.9366373188507398,7.795229807260418,55.65918326408839,5.397743361670375,66.78054599351331,2.859007696562882,1.0,16.639999389648438,54.879512786865234,77.9,47.24,37.55,65.45,2.15
2025-07-02,2025-07-03,ROBN,BTC,profit,26.08,1,2.0,61.07798847114456,2.9366373188507398,7.795229807260418,55.65918326408839,5.397743361670375,66.78054599351331,2.859007696562882,1.0,16.639999389648438,54.879512786865234,77.9,47.24,37.55,65.45,2.15
2025-07-03,2025-07-08,GDXU,OTHER,profit,0.26,5,2.0,63.38998267642856,3.508311138352719,3.8551704515813467,59.43607998505379,5.4879896598702,69.06171280194916,3.599900598902321,1.0,16.3799991607666,,,,,,
2025-07-03,2025-07-09,GDXU,OTHER,profit,0.01,6,2.0,63.38998267642856,3.508311138352719,3.8551704515813467,59.43607998505379,5.4879896598702,69.06171280194916,3.599900598902321,1.0,16.3799991607666,,,,,,
2025-07-02,2025-07-09,PLTR2,SEMI,profit,1.27,7,2.0,61.07798847114456,2.9366373188507398,7.795229807260418,55.65918326408839,5.397743361670375,66.78054599351331,2.859007696562882,1.0,16.639999389648438,,,,,,
2025-07-02,2025-07-09,CONL,BTC,profit,0.05,7,2.0,61.07798847114456,2.9366373188507398,7.795229807260418,55.65918326408839,5.397743361670375,66.78054599351331,2.859007696562882,1.0,16.639999389648438,46.91999816894531,71.4,36.89,-1.64,84.8,0.89
2025-07-09,2025-07-10,TSLL,SEMI,profit,2.04,1,2.0,63.014534612398364,4.008724681442243,2.7134464177477557,63.810503197272965,7.450897198262783,77.79781668484054,2.8679494707117343,1.0,15.9399995803833,9.702481269836426,40.4,-16.03,-4.27,-25.92,0.62
2025-07-10,2025-07-10,NVDL,SEMI,profit,0.55,0,2.0,73.15439281042399,7.725052635132094,8.26232270617413,68.0724042540858,8.658767448223285,76.70724842170878,2.5129934589305347,1.0,15.779999732971191,75.63999938964844,77.3,15.46,8.54,12.23,1.08
2025-07-10,2025-07-10,SOXL,SEMI,profit,1.06,0,2.0,73.15439281042399,7.725052635132094,8.26232270617413,68.0724042540858,8.658767448223285,76.70724842170878,2.5129934589305347,1.0,15.779999732971191,27.362051010131836,77.7,14.75,5.07,11.35,0.79
2025-07-11,2025-07-11,SOXL,SEMI,profit,0.07,0,2.0,74.95485208308563,8.377871921202644,11.181554513214941,70.53163349168348,11.28637891452651,78.1067257756205,2.0714270408756104,1.0,16.399999618530273,27.282073974609375,80.1,13.06,3.25,8.29,0.68
2025-07-11,2025-07-11,NVDL,SEMI,profit,3.79,0,2.0,74.95485208308563,8.377871921202644,11.181554513214941,70.53163349168348,11.28637891452651,78.1067257756205,2.0714270408756104,1.0,16.399999618530273,76.33000183105469,81.9,14.93,6.89,12.22,1.14
2025-07-10,2025-07-11,ROBN,BTC,profit,2.29,1,2.0,73.15439281042399,7.725052635132094,8.26232270617413,68.0724042540858,8.658767448223285,76.70724842170878,2.5129934589305347,1.0,15.779999732971191,55.13933181762695,71.8,31.38,0.47,38.21,1.17
2025-07-10,2025-07-11,PLTR2,SEMI,profit,0.33,1,2.0,73.15439281042399,7.725052635132094,8.26232270617413,68.0724042540858,8.658767448223285,76.70724842170878,2.5129934589305347,1.0,15.779999732971191,,,,,,
2025-07-11,2025-07-11,ROBN,BTC,profit,1.01,0,2.0,74.95485208308563,8.377871921202644,11.181554513214941,70.53163349168348,11.28637891452651,78.1067257756205,2.0714270408756104,1.0,16.399999618530273,54.61007308959961,70.9,26.89,8.3,31.09,1.21
2025-07-11,2025-07-11,CONL,BTC,profit,0.11,0,2.0,74.95485208308563,8.377871921202644,11.181554513214941,70.53163349168348,11.28637891452651,78.1067257756205,2.0714270408756104,1.0,16.399999618530273,55.369998931884766,71.6,32.19,17.68,4.47,0.68
2025-07-14,2025-07-14,BABX,OTHER,profit,0.13,0,2.0,80.49926592870982,8.341487114255354,10.936677756167645,74.38343118590214,14.452035171669797,76.49991549771843,2.223716543286786,1.0,17.200000762939453,,,,,,
2025-07-14,2025-07-14,IQNQ,OTHER,profit,0.24,0,2.0,80.49926592870982,8.341487114255354,10.936677756167645,74.38343118590214,14.452035171669797,76.49991549771843,2.223716543286786,1.0,17.200000762939453,,,,,,
2025-07-14,2025-07-14,PLTR2,SEMI,profit,4.51,0,2.0,80.49926592870982,8.341487114255354,10.936677756167645,74.38343118590214,14.452035171669797,76.49991549771843,2.223716543286786,1.0,17.200000762939453,,,,,,
2025-07-11,2025-07-14,TSLL,SEMI,profit,1.41,3,2.0,74.95485208308563,8.377871921202644,11.181554513214941,70.53163349168348,11.28637891452651,78.1067257756205,2.0714270408756104,1.0,16.399999618530273,10.846776962280273,45.0,-4.92,-2.17,-9.32,0.65
2025-07-14,2025-07-14,NVDL,SEMI,profit,0.9,0,2.0,80.49926592870982,8.341487114255354,10.936677756167645,74.38343118590214,14.452035171669797,76.49991549771843,2.223716543286786,1.0,17.200000762939453,75.55999755859375,79.5,12.45,7.22,7.45,0.72
2025-07-14,2025-07-14,NVDL,SEMI,profit,0.03,0,2.0,80.49926592870982,8.341487114255354,10.936677756167645,74.38343118590214,14.452035171669797,76.49991549771843,2.223716543286786,1.0,17.200000762939453,75.55999755859375,79.5,12.45,7.22,7.45,0.72
2025-07-14,2025-07-14,ROBN,BTC,profit,0.76,0,2.0,80.49926592870982,8.341487114255354,10.936677756167645,74.38343118590214,14.452035171669797,76.49991549771843,2.223716543286786,1.0,17.200000762939453,56.486541748046875,75.7,27.67,13.69,40.7,1.05
2025-07-14,2025-07-14,ROBN,BTC,profit,0.84,0,2.0,80.49926592870982,8.341487114255354,10.936677756167645,74.38343118590214,14.452035171669797,76.49991549771843,2.223716543286786,1.0,17.200000762939453,56.486541748046875,75.7,27.67,13.69,40.7,1.05
2025-07-14,2025-07-14,ROBN,BTC,profit,0.52,0,2.0,80.49926592870982,8.341487114255354,10.936677756167645,74.38343118590214,14.452035171669797,76.49991549771843,2.223716543286786,1.0,17.200000762939453,56.486541748046875,75.7,27.67,13.69,40.7,1.05
2025-07-14,2025-07-14,MSTU,BTC,profit,0.92,0,2.0,80.49926592870982,8.341487114255354,10.936677756167645,74.38343118590214,14.452035171669797,76.49991549771843,2.223716543286786,1.0,17.200000762939453,105.0999984741211,73.5,27.67,28.64,33.63,1.52
2025-07-14,2025-07-14,CONL,BTC,profit,0.55,0,2.0,80.49926592870982,8.341487114255354,10.936677756167645,74.38343118590214,14.452035171669797,76.49991549771843,2.223716543286786,1.0,17.200000762939453,57.349998474121094,73.2,31.54,20.76,22.15,0.57
2025-07-14,2025-07-14,CONL,BTC,profit,0.17,0,2.0,80.49926592870982,8.341487114255354,10.936677756167645,74.38343118590214,14.452035171669797,76.49991549771843,2.223716543286786,1.0,17.200000762939453,57.349998474121094,73.2,31.54,20.76,22.15,0.57
2025-07-15,2025-07-15,CONL,BTC,profit,2.05,0,2.0,78.11769823695613,5.96908840581426,8.820016413072974,69.11411829684084,11.401592996814527,71.87508888586896,2.0328563758378317,1.0,17.3799991607666,55.5099983215332,63.6,22.79,18.46,20.33,0.69
2025-07-15,2025-07-15,CONL,BTC,profit,0.55,0,2.0,78.11769823695613,5.96908840581426,8.820016413072974,69.11411829684084,11.401592996814527,71.87508888586896,2.0328563758378317,1.0,17.3799991607666,55.5099983215332,63.6,22.79,18.46,20.33,0.69
2025-07-14,2025-07-15,MSTU,BTC,profit,9.13,1,2.0,80.49926592870982,8.341487114255354,10.936677756167645,74.38343118590214,14.452035171669797,76.49991549771843,2.223716543286786,1.0,17.200000762939453,105.0999984741211,73.5,27.67,28.64,33.63,1.52
2025-07-15,2025-07-15,ROBN,BTC,profit,0.16,0,2.0,78.11769823695613,5.96908840581426,8.820016413072974,69.11411829684084,11.401592996814527,71.87508888586896,2.0328563758378317,1.0,17.3799991607666,55.95728302001953,71.5,23.03,18.05,11.14,0.88
2025-07-14,2025-07-15,MSTU,BTC,profit,9.3,1,2.0,80.49926592870982,8.341487114255354,10.936677756167645,74.38343118590214,14.452035171669797,76.49991549771843,2.223716543286786,1.0,17.200000762939453,105.0999984741211,73.5,27.67,28.64,33.63,1.52
2025-07-15,2025-07-15,PLTR2,SEMI,profit,1.38,0,2.0,78.11769823695613,5.96908840581426,8.820016413072974,69.11411829684084,11.401592996814527,71.87508888586896,2.0328563758378317,1.0,17.3799991607666,,,,,,
2025-07-14,2025-07-15,PLTR2,SEMI,profit,0.51,1,2.0,80.49926592870982,8.341487114255354,10.936677756167645,74.38343118590214,14.452035171669797,76.49991549771843,2.223716543286786,1.0,17.200000762939453,,,,,,
2025-07-14,2025-07-15,PLTR2,SEMI,profit,0.56,1,2.0,80.49926592870982,8.341487114255354,10.936677756167645,74.38343118590214,14.452035171669797,76.49991549771843,2.223716543286786,1.0,17.200000762939453,,,,,,
2025-07-16,2025-07-16,ROBN,BTC,profit,0.78,0,2.0,75.62100550618129,6.270919370634444,8.702972920684559,69.46100505722951,13.769218816222578,71.27423147626602,1.916918418303783,1.0,17.15999984741211,60.24910354614258,73.8,28.85,18.88,22.38,1.37
2025-07-16,2025-07-16,ROBN,BTC,profit,0.03,0,2.0,75.62100550618129,6.270919370634444,8.702972920684559,69.46100505722951,13.769218816222578,71.27423147626602,1.916918418303783,1.0,17.15999984741211,60.24910354614258,73.8,28.85,18.88,22.38,1.37
2025-07-16,2025-07-16,ROBN,BTC,profit,0.19,0,2.0,75.62100550618129,6.270919370634444,8.702972920684559,69.46100505722951,13.769218816222578,71.27423147626602,1.916918418303783,1.0,17.15999984741211,60.24910354614258,73.8,28.85,18.88,22.38,1.37
2025-07-16,2025-07-16,ROBN,BTC,profit,0.88,0,2.0,75.62100550618129,6.270919370634444,8.702972920684559,69.46100505722951,13.769218816222578,71.27423147626602,1.916918418303783,1.0,17.15999984741211,60.24910354614258,73.8,28.85,18.88,22.38,1.37
2025-07-14,2025-07-17,MSTU,BTC,profit,15.14,3,2.0,80.49926592870982,8.341487114255354,10.936677756167645,74.38343118590214,14.452035171669797,76.49991549771843,2.223716543286786,1.0,17.200000762939453,105.0999984741211,73.5,27.67,28.64,33.63,1.52
2025-07-17,2025-07-17,ROBN,BTC,profit,1.56,0,2.0,75.31717263718028,6.184583146806839,10.147744460349205,68.53650351747143,11.571039033533689,70.85134816445247,2.429693575398644,1.0,16.520000457763672,62.58747482299805,74.2,29.77,13.51,14.05,0.74
2025-07-14,2025-07-17,MSTU,BTC,profit,16.56,3,2.0,80.49926592870982,8.341487114255354,10.936677756167645,74.38343118590214,14.452035171669797,76.49991549771843,2.223716543286786,1.0,17.200000762939453,105.0999984741211,73.5,27.67,28.64,33.63,1.52
2025-07-14,2025-07-17,MSTU,BTC,profit,14.81,3,2.0,80.49926592870982,8.341487114255354,10.936677756167645,74.38343118590214,14.452035171669797,76.49991549771843,2.223716543286786,1.0,17.200000762939453,105.0999984741211,73.5,27.67,28.64,33.63,1.52
2025-07-14,2025-07-17,MSTU,BTC,profit,21.1,3,2.0,80.49926592870982,8.341487114255354,10.936677756167645,74.38343118590214,14.452035171669797,76.49991549771843,2.223716543286786,1.0,17.200000762939453,105.0999984741211,73.5,27.67,28.64,33.63,1.52
2025-07-17,2025-07-17,ROBN,BTC,profit,0.17,0,2.0,75.31717263718028,6.184583146806839,10.147744460349205,68.53650351747143,11.571039033533689,70.85134816445247,2.429693575398644,1.0,16.520000457763672,62.58747482299805,74.2,29.77,13.51,14.05,0.74
2025-07-15,2025-07-18,MSTU,BTC,profit,8.53,3,2.0,78.11769823695613,5.96908840581426,8.820016413072974,69.11411829684084,11.401592996814527,71.87508888586896,2.0328563758378317,1.0,17.3799991607666,100.80000305175781,67.6,20.85,22.78,16.53,1.34
2025-07-15,2025-07-18,MSTU,BTC,profit,6.33,3,2.0,78.11769823695613,5.96908840581426,8.820016413072974,69.11411829684084,11.401592996814527,71.87508888586896,2.0328563758378317,1.0,17.3799991607666,100.80000305175781,67.6,20.85,22.78,16.53,1.34
2025-07-18,2025-07-18,ROBN,BTC,profit,0.18,0,2.0,76.6332461712118,4.542595926897479,8.309252321604577,59.8046065396343,3.9237214391166924,68.27647575267164,2.0255768722820173,1.0,16.40999984741211,67.68761444091797,79.4,35.89,23.95,34.24,1.23
2025-07-18,2025-07-18,SOXL,SEMI,profit,0.55,0,2.0,76.6332461712118,4.542595926897479,8.309252321604577,59.8046065396343,3.9237214391166924,68.27647575267164,2.0255768722820173,1.0,16.40999984741211,27.32206153869629,63.5,6.78,0.15,3.41,0.69
2025-07-18,2025-07-18,ROBN,BTC,profit,0.61,0,2.0,76.6332461712118,4.542595926897479,8.309252321604577,59.8046065396343,3.9237214391166924,68.27647575267164,2.0255768722820173,1.0,16.40999984741211,67.68761444091797,79.4,35.89,23.95,34.24,1.23
2025-07-21,2025-07-21,MSTX,BTC,profit,0.32,0,2.0,76.22374330553481,2.6131732930562257,-0.06590802194496037,56.01374381674733,3.952983803431824,67.70284054563372,2.2022097179539077,1.0,16.649999618530273,,,,,,
2025-07-18,2025-07-21,MSTU,BTC,profit,2.6,3,2.0,76.6332461712118,4.542595926897479,8.309252321604577,59.8046065396343,3.9237214391166924,68.27647575267164,2.0255768722820173,1.0,16.40999984741211,91.5999984741211,57.6,5.07,-6.44,7.39,1.67
2025-07-21,2025-07-21,ROBN,BTC,profit,1.41,0,2.0,76.22374330553481,2.6131732930562257,-0.06590802194496037,56.01374381674733,3.952983803431824,67.70284054563372,2.2022097179539077,1.0,16.649999618530273,61.057430267333984,62.4,19.59,8.09,22.89,0.93
2025-07-21,2025-07-21,MSTX,BTC,profit,0.46,0,2.0,76.22374330553481,2.6131732930562257,-0.06590802194496037,56.01374381674733,3.952983803431824,67.70284054563372,2.2022097179539077,1.0,16.649999618530273,,,,,,
2025-07-21,2025-07-21,MSTX,BTC,profit,0.5,0,2.0,76.22374330553481,2.6131732930562257,-0.06590802194496037,56.01374381674733,3.952983803431824,67.70284054563372,2.2022097179539077,1.0,16.649999618530273,,,,,,
2025-07-18,2025-07-21,MSTU,BTC,profit,0.76,3,2.0,76.6332461712118,4.542595926897479,8.309252321604577,59.8046065396343,3.9237214391166924,68.27647575267164,2.0255768722820173,1.0,16.40999984741211,91.5999984741211,57.6,5.07,-6.44,7.39,1.67
2025-07-18,2025-07-21,MSTU,BTC,profit,3.46,3,2.0,76.6332461712118,4.542595926897479,8.309252321604577,59.8046065396343,3.9237214391166924,68.27647575267164,2.0255768722820173,1.0,16.40999984741211,91.5999984741211,57.6,5.07,-6.44,7.39,1.67
2025-07-16,2025-07-21,CONL,BTC,profit,5.49,5,2.0,75.62100550618129,6.270919370634444,8.702972920684559,69.46100505722951,13.769218816222578,71.27423147626602,1.916918418303783,1.0,17.15999984741211,58.45000076293945,63.9,24.94,12.69,38.74,0.65
2025-07-16,2025-07-21,CONL,BTC,profit,3.47,5,2.0,75.62100550618129,6.270919370634444,8.702972920684559,69.46100505722951,13.769218816222578,71.27423147626602,1.916918418303783,1.0,17.15999984741211,58.45000076293945,63.9,24.94,12.69,38.74,0.65
2025-07-17,2025-07-21,MSTU,BTC,profit,2.53,4,2.0,75.31717263718028,6.184583146806839,10.147744460349205,68.53650351747143,11.571039033533689,70.85134816445247,2.429693575398644,1.0,16.520000457763672,104.80000305175781,67.2,21.5,13.67,23.88,0.91
2025-07-18,2025-07-21,MSTU,BTC,profit,2.0,3,2.0,76.6332461712118,4.542595926897479,8.309252321604577,59.8046065396343,3.9237214391166924,68.27647575267164,2.0255768722820173,1.0,16.40999984741211,91.5999984741211,57.6,5.07,-6.44,7.39,1.67
2025-07-18,2025-07-22,AMDL,SEMI,profit,2.92,4,2.0,76.6332461712118,4.542595926897479,8.309252321604577,59.8046065396343,3.9237214391166924,68.27647575267164,2.0255768722820173,1.0,16.40999984741211,10.270000457763672,64.4,18.54,14.24,28.05,0.73
2025-07-21,2025-07-22,AMDL,SEMI,profit,0.49,1,2.0,76.22374330553481,2.6131732930562257,-0.06590802194496037,56.01374381674733,3.952983803431824,67.70284054563372,2.2022097179539077,1.0,16.649999618530273,10.270000457763672,67.7,16.36,14.49,34.07,0.86
2025-07-21,2025-07-22,AMDL,SEMI,profit,0.58,1,2.0,76.22374330553481,2.6131732930562257,-0.06590802194496037,56.01374381674733,3.952983803431824,67.70284054563372,2.2022097179539077,1.0,16.649999618530273,10.270000457763672,67.7,16.36,14.49,34.07,0.86
2025-07-22,2025-07-22,AMDL,SEMI,profit,0.29,0,2.0,78.56726606726606,4.33875888895246,2.1800847794485545,67.4075633287066,3.2368020133587874,71.18239853418063,1.401364733107583,1.0,16.5,9.970000267028809,73.4,11.19,-1.48,24.63,1.02
2025-07-22,2025-07-22,ROBN,BTC,profit,0.44,0,2.0,78.56726606726606,4.33875888895246,2.1800847794485545,67.4075633287066,3.2368020133587874,71.18239853418063,1.401364733107583,1.0,16.5,58.03102111816406,59.7,11.04,3.71,22.42,0.76
2025-07-22,2025-07-22,TSM2,OTHER,profit,0.07,0,2.0,78.56726606726606,4.33875888895246,2.1800847794485545,67.4075633287066,3.2368020133587874,71.18239853418063,1.401364733107583,1.0,16.5,,,,,,
2025-07-21,2025-07-22,CONL,BTC,profit,6.6,1,2.0,76.22374330553481,2.6131732930562257,-0.06590802194496037,56.01374381674733,3.952983803431824,67.70284054563372,2.2022097179539077,1.0,16.649999618530273,63.0,74.7,22.37,9.85,32.66,0.7
2025-07-16,2025-07-22,CONL,BTC,profit,20.24,6,2.0,75.62100550618129,6.270919370634444,8.702972920684559,69.46100505722951,13.769218816222578,71.27423147626602,1.916918418303783,1.0,17.15999984741211,58.45000076293945,63.9,24.94,12.69,38.74,0.65
2025-07-23,2025-08-13,ROBN,BTC,profit,9.97,21,2.0,70.41221320294743,2.8529241688340554,-0.3031967953014303,53.78452043769981,-0.516734876224551,70.07111451759363,1.6432542761881492,1.0,15.369999885559082,58.14168167114258,54.1,9.26,-3.5,14.73,0.38
2025-07-15,2025-08-13,NVDL,SEMI,profit,20.38,29,2.0,78.11769823695613,5.96908840581426,8.820016413072974,69.11411829684084,11.401592996814527,71.87508888586896,2.0328563758378317,1.0,17.3799991607666,81.56999969482422,81.5,19.24,13.34,15.83,1.56
2025-07-15,2025-08-13,NVDL,SEMI,profit,21.71,29,2.0,78.11769823695613,5.96908840581426,8.820016413072974,69.11411829684084,11.401592996814527,71.87508888586896,2.0328563758378317,1.0,17.3799991607666,81.56999969482422,81.5,19.24,13.34,15.83,1.56
2025-08-20,2025-08-20,SOXL,SEMI,profit,0.66,0,0.0,48.40426429859755,-1.9356706819261433,-4.217712154166664,34.17561193930554,-10.511293451536796,50.70533720995638,-0.6489693729672135,1.0,15.6899995803833,25.792505264282227,53.3,-1.76,-11.86,7.54,1.25
2025-07-15,2025-08-20,NVDL,SEMI,profit,15.66,36,2.0,78.11769823695613,5.96908840581426,8.820016413072974,69.11411829684084,11.401592996814527,71.87508888586896,2.0328563758378317,1.0,17.3799991607666,81.56999969482422,81.5,19.24,13.34,15.83,1.56
2025-07-22,2025-08-20,AMDL,SEMI,profit,17.68,29,2.0,78.56726606726606,4.33875888895246,2.1800847794485545,67.4075633287066,3.2368020133587874,71.18239853418063,1.401364733107583,1.0,16.5,9.970000267028809,73.4,11.19,-1.48,24.63,1.02
2025-07-21,2025-12-17,MSTU,BTC,profit,16.11,149,2.0,76.22374330553481,2.6131732930562257,-0.06590802194496037,56.01374381674733,3.952983803431824,67.70284054563372,2.2022097179539077,1.0,16.649999618530273,92.5,53.9,4.96,-11.99,13.22,0.78
2026-01-15,2026-01-15,IREN,BTC,profit,10.54,0,2.0,70.58031306027405,4.996821306754978,1.7773619583044464,58.0284269770104,5.579837274776685,47.42889592521062,0.3811717909097882,1.0,15.84000015258789,51.88999938964844,66.6,19.06,13.59,37.38,1.2
2026-01-16,2026-01-16,FDL,OTHER,profit,4.77,0,2.0,68.14103957690362,4.524654410164658,1.9162536020556509,59.468738976020546,6.869527024624657,46.89052392759517,0.12246571600303795,1.0,15.859999656677246,,,,,,
2025-10-09,2026-01-21,SOXL,SEMI,profit,1.05,104,2.0,77.15067765829289,4.157947593163962,6.3856456992570365,42.213168028778945,-3.597665187530309,64.21498619442065,1.9388373851293883,1.0,16.43000030517578,42.2400016784668,74.4,19.62,8.09,24.79,0.9
2026-01-19,2026-01-21,IREN,BTC,profit,1.17,2,1.0,45.39013665338235,0.291889503834063,2.2543611391893537,59.468738976020546,6.869527024624657,46.89052392759517,0.12246571600303795,1.0,15.859999656677246,57.81999969482422,75.8,29.11,25.61,35.41,1.64
2023-10-12,2023-10-12,TQQQ,SEMI,loss,-0.52,0,0.0,46.88787573084445,-1.4883509624690294,-2.8113485457543885,50.40972060655269,-1.7178088729192877,64.95028843556888,2.0232901080853893,0.0,16.690000534057617,18.929841995239258,63.5,5.27,9.34,9.4,1.08
2023-10-17,2023-10-17,TQQQ,SEMI,loss,-0.16,0,2.0,61.23873374359029,3.4550235840422965,1.59787894536092,59.67520612858901,2.5108938647359254,65.57036629310036,1.6571128968196058,0.0,17.8799991607666,18.64744758605957,64.0,4.32,-0.57,10.89,0.92
2023-10-17,2023-10-17,TQQQ,SEMI,loss,-1.01,0,2.0,61.23873374359029,3.4550235840422965,1.59787894536092,59.67520612858901,2.5108938647359254,65.57036629310036,1.6571128968196058,0.0,17.8799991607666,18.64744758605957,64.0,4.32,-0.57,10.89,0.92
2023-11-03,2023-11-07,JEPQ,OTHER,loss,-0.94,4,2.0,82.71376668917367,7.998298234030641,2.4506178337512674,83.09488433254803,19.90654797063805,48.555853470628854,2.149888535150891,0.0,14.90999984741211,,,,,,
2023-11-09,2023-12-19,TSLL,SEMI,loss,-7.26,40,2.0,77.55893013267237,7.080648978196895,6.349599014107388,86.70017668979389,21.477291631461856,64.83226428680737,2.682568935655972,0.0,15.289999961853027,10.31767463684082,47.5,-7.79,-6.12,2.46,1.08
2024-03-07,2024-03-12,SOXL,SEMI,loss,-0.59,5,3.0,76.69317749294797,16.07493884951604,22.748597820491657,72.3736784146008,50.56818150439073,59.84519448151313,2.1891175262997065,1.0,14.4399995803833,54.509029388427734,74.3,31.93,29.13,33.56,1.27
2024-03-07,2024-03-12,SOXL,SEMI,loss,-0.6,5,3.0,76.69317749294797,16.07493884951604,22.748597820491657,72.3736784146008,50.56818150439073,59.84519448151313,2.1891175262997065,1.0,14.4399995803833,54.509029388427734,74.3,31.93,29.13,33.56,1.27
2024-02-15,2024-05-10,TSLL,SEMI,loss,-13.28,85,3.0,92.2081483250847,14.546167131637034,21.753812673072837,74.68958912567642,30.963113754740927,60.11345628124466,1.6019772374269456,1.0,14.010000228881836,9.253148078918457,63.6,5.39,8.32,8.78,1.34
2024-03-07,2024-05-21,TSLL,SEMI,loss,-30.63,75,3.0,76.69317749294797,16.07493884951604,22.748597820491657,72.3736784146008,50.56818150439073,59.84519448151313,2.1891175262997065,1.0,14.4399995803833,7.723099231719971,29.3,-11.29,-17.11,-14.34,1.16
2024-03-07,2024-05-21,TSLL,SEMI,loss,-17.53,75,3.0,76.69317749294797,16.07493884951604,22.748597820491657,72.3736784146008,50.56818150439073,59.84519448151313,2.1891175262997065,1.0,14.4399995803833,7.723099231719971,29.3,-11.29,-17.11,-14.34,1.16
2024-04-12,2024-07-08,BITX,BTC,loss,-37.06,87,1.0,44.05499061779285,-2.7980106416991877,2.6722313657436825,48.33876263333894,-7.973846286838436,40.519129462484585,-0.7444835757051433,1.0,17.309999465942383,34.79491424560547,52.0,-6.25,-2.76,-13.35,1.41
2024-04-02,2024-07-08,BITU,BTC,loss,-28.53,97,1.0,56.583423355404804,-3.656374408766659,2.1616014805922346,49.57962434207382,0.28417671982014986,47.01766205815613,-0.014733112262616256,1.0,14.609999656677246,,,,,,
2024-10-01,2024-10-01,MSTU,BTC,loss,-0.43,0,1.0,51.945013767260825,-2.5555505397219456,-4.034763771868999,69.71091661481378,14.898531483610707,65.66583364375794,1.5780989689764098,1.0,19.260000228881836,,,,,,
2024-10-10,2024-10-10,MSTU,BTC,loss,-1.0,0,0.0,27.05542673283206,-4.179677114925898,-4.823976188032431,71.49866230364177,14.09688077565029,62.84422227033079,1.9529162680744154,1.0,20.93000030517578,,,,,,
2024-10-11,2024-10-11,MSTU,BTC,loss,-0.41,0,1.0,36.348003671277226,-0.6540215303501539,2.6432628577100825,77.52769495942078,29.435471628726795,62.39184887062443,1.9151988600692615,1.0,20.459999084472656,,,,,,
2024-10-17,2024-10-18,CONL,BTC,loss,-0.13,1,2.0,75.86160417765183,6.4875555249812935,8.296036079518787,58.367386508098754,9.73437196035315,55.15104455693104,0.7338631875130049,1.0,19.110000610351562,31.31999969482422,54.9,28.11,50.72,51.74,1.04
2024-10-21,2024-10-22,MSTU,BTC,loss,-5.52,1,2.0,68.94213268123355,4.9887925751313595,7.8833447610816565,74.52994677088903,19.523109846954444,67.80758785794262,1.328318518435648,1.0,18.3700008392334,63.599998474121094,72.5,35.98,15.7,32.22,1.72
2024-10-30,2024-10-30,ETHU,BTC,loss,-0.56,0,2.0,66.64033694706902,7.308854602312839,4.837323988153375,73.04893214857886,18.154325473011905,54.75535182341296,0.8522223707833207,1.0,20.350000381469727,,,,,,
2024-11-14,2024-11-20,MSTX,BTC,loss,-7.44,6,3.0,78.39073210351283,15.974751170714327,28.666110667748246,70.97775913233193,26.60248221653752,61.19205461513417,1.8985973584173235,1.0,14.3100004196167,,,,,,
2024-11-14,2024-11-20,MSTU,BTC,loss,-7.77,6,3.0,78.39073210351283,15.974751170714327,28.666110667748246,70.97775913233193,26.60248221653752,61.19205461513417,1.8985973584173235,1.0,14.3100004196167,125.9000015258789,68.2,46.06,37.51,64.17,0.78
2024-11-22,2024-11-22,CONL,BTC,loss,-0.18,0,2.0,83.96565189355188,17.022305848642176,12.553862273172678,74.21885042254789,34.216915277841906,67.81987134458251,0.7913220648084238,1.0,15.239999771118164,57.34000015258789,67.4,22.39,-2.98,17.94,0.71
2024-12-18,2025-01-28,MSTU,BTC,loss,-27.19,41,1.0,52.16683160535567,0.33416561617122975,-1.1798929018745685,42.053200107251996,-11.112915523554426,57.34190920938753,-0.38152939718218953,1.0,27.6200008392334,118.4000015258789,38.8,-27.33,-28.99,-29.1,0.75
2025-02-19,2025-02-24,MSTU,BTC,loss,-2.74,5,0.0,50.09815069040131,-0.8690222841334626,0.14043056305321766,39.573334490754114,-6.071718410717368,71.02363530473617,2.216673359645588,1.0,15.270000457763672,81.4000015258789,37.3,-13.82,-1.57,-17.86,0.87
2025-02-20,2025-02-25,MSTU,BTC,loss,-6.81,5,2.0,57.28412950202895,1.0842354025305823,0.9199561866827022,42.805026424850766,-3.7670794738744227,65.92539721689813,1.727681186424921,1.0,15.65999984741211,83.5999984741211,39.7,-9.78,-3.02,-10.01,0.74
2025-02-25,2025-03-05,PLTR2,SEMI,loss,-34.34,8,0.0,32.19976920657122,-7.589495875394202,-9.063484139873513,20.711553293383517,-22.804208546677103,40.24166258186822,-2.641179082854977,0.0,19.43000030517578,,,,,,
2025-02-26,2025-03-19,MSTU,BTC,loss,-2.57,21,0.0,19.15281130638695,-11.59666770364872,-12.29841847594929,28.16013237411117,-17.95362829784675,39.02490866530552,-2.3388454998976975,0.0,19.100000381469727,53.29999923706055,25.7,-36.37,-34.52,-35.55,1.8
2025-03-05,2025-03-19,MSTU,BTC,loss,-5.53,14,0.0,42.46497358625357,-1.7254892927226706,-5.86904456051589,45.95670725637161,2.2338661751147995,33.55436724246766,-3.755384283360389,0.0,21.93000030517578,70.0,41.7,-4.26,31.33,-14.0,1.88
2025-03-28,2025-04-25,MSTU,BTC,loss,-8.36,28,0.0,50.98409370811025,0.2519156906247094,1.976158220349733,63.345046143914296,-1.1859643802910924,48.18542636105629,-2.8146508816945652,0.0,21.649999618530273,55.20000076293945,59.9,-8.31,-12.1,-9.21,0.95
2025-03-28,2025-04-29,MSTU,BTC,loss,-2.05,32,0.0,50.98409370811025,0.2519156906247094,1.976158220349733,63.345046143914296,-1.1859643802910924,48.18542636105629,-2.8146508816945652,0.0,21.649999618530273,55.20000076293945,59.9,-8.31,-12.1,-9.21,0.95
2025-03-28,2025-04-29,MSTU,BTC,loss,-2.29,32,0.0,50.98409370811025,0.2519156906247094,1.976158220349733,63.345046143914296,-1.1859643802910924,48.18542636105629,-2.8146508816945652,0.0,21.649999618530273,55.20000076293945,59.9,-8.31,-12.1,-9.21,0.95
2025-03-28,2025-04-30,MSTU,BTC,loss,-0.6,33,0.0,50.98409370811025,0.2519156906247094,1.976158220349733,63.345046143914296,-1.1859643802910924,48.18542636105629,-2.8146508816945652,0.0,21.649999618530273,55.20000076293945,59.9,-8.31,-12.1,-9.21,0.95
2025-03-28,2025-05-01,MSTU,BTC,loss,-1.19,34,0.0,50.98409370811025,0.2519156906247094,1.976158220349733,63.345046143914296,-1.1859643802910924,48.18542636105629,-2.8146508816945652,0.0,21.649999618530273,55.20000076293945,59.9,-8.31,-12.1,-9.21,0.95
2025-03-28,2025-05-01,MSTU,BTC,loss,-1.33,34,0.0,50.98409370811025,0.2519156906247094,1.976158220349733,63.345046143914296,-1.1859643802910924,48.18542636105629,-2.8146508816945652,0.0,21.649999618530273,55.20000076293945,59.9,-8.31,-12.1,-9.21,0.95
2025-05-19,2025-05-23,XXRP,BTC,loss,-12.3,4,2.0,78.25626954786391,4.850484157958644,2.5592952617279563,62.93180046775015,6.508726823175584,87.43553881484661,6.918222206629024,1.0,18.139999389648438,34.54029846191406,52.8,4.95,-12.83,20.07,1.19
2025-06-12,2025-06-12,TSLL,SEMI,loss,-0.06,0,1.0,50.68682273048175,-0.6099637197078586,0.044883594843181385,41.8756234596786,-1.440396261694498,70.91460720722834,2.0044919808460597,1.0,18.020000457763672,11.648516654968262,40.6,-12.62,24.26,-24.05,0.85
2025-06-25,2025-06-27,GDXU,OTHER,loss,-4.46,2,1.0,46.237008967012414,1.5435085225796417,1.7140688696235973,56.10066185412155,2.9989160355422264,62.29031544341746,2.3799646782430233,1.0,16.760000228881836,,,,,,
2025-07-03,2025-07-08,GDXU,OTHER,loss,-1.35,5,2.0,63.38998267642856,3.508311138352719,3.8551704515813467,59.43607998505379,5.4879896598702,69.06171280194916,3.599900598902321,1.0,16.3799991607666,,,,,,
2025-07-10,2025-07-10,NVDL,SEMI,loss,-0.03,0,2.0,73.15439281042399,7.725052635132094,8.26232270617413,68.0724042540858,8.658767448223285,76.70724842170878,2.5129934589305347,1.0,15.779999732971191,75.63999938964844,77.3,15.46,8.54,12.23,1.08
2025-07-11,2025-07-11,ROBN,BTC,loss,-1.82,0,2.0,74.95485208308563,8.377871921202644,11.181554513214941,70.53163349168348,11.28637891452651,78.1067257756205,2.0714270408756104,1.0,16.399999618530273,54.61007308959961,70.9,26.89,8.3,31.09,1.21
2025-07-11,2025-07-11,ROBN,BTC,loss,-1.51,0,2.0,74.95485208308563,8.377871921202644,11.181554513214941,70.53163349168348,11.28637891452651,78.1067257756205,2.0714270408756104,1.0,16.399999618530273,54.61007308959961,70.9,26.89,8.3,31.09,1.21
2025-07-15,2025-07-15,CONL,BTC,loss,-1.44,0,2.0,78.11769823695613,5.96908840581426,8.820016413072974,69.11411829684084,11.401592996814527,71.87508888586896,2.0328563758378317,1.0,17.3799991607666,55.5099983215332,63.6,22.79,18.46,20.33,0.69
2025-07-15,2025-07-15,NVDL,SEMI,loss,-0.44,0,2.0,78.11769823695613,5.96908840581426,8.820016413072974,69.11411829684084,11.401592996814527,71.87508888586896,2.0328563758378317,1.0,17.3799991607666,81.56999969482422,81.5,19.24,13.34,15.83,1.56
2025-07-16,2025-07-16,ROBN,BTC,loss,-0.73,0,2.0,75.62100550618129,6.270919370634444,8.702972920684559,69.46100505722951,13.769218816222578,71.27423147626602,1.916918418303783,1.0,17.15999984741211,60.24910354614258,73.8,28.85,18.88,22.38,1.37
2025-07-16,2025-07-16,ROBN,BTC,loss,-0.1,0,2.0,75.62100550618129,6.270919370634444,8.702972920684559,69.46100505722951,13.769218816222578,71.27423147626602,1.916918418303783,1.0,17.15999984741211,60.24910354614258,73.8,28.85,18.88,22.38,1.37
2025-07-17,2025-07-17,BNKU,OTHER,loss,-3.36,0,2.0,75.31717263718028,6.184583146806839,10.147744460349205,68.53650351747143,11.571039033533689,70.85134816445247,2.429693575398644,1.0,16.520000457763672,,,,,,
2025-07-17,2025-07-17,BNKU,OTHER,loss,-3.72,0,2.0,75.31717263718028,6.184583146806839,10.147744460349205,68.53650351747143,11.571039033533689,70.85134816445247,2.429693575398644,1.0,16.520000457763672,,,,,,
2025-07-16,2025-07-17,BNKU,OTHER,loss,-3.67,1,2.0,75.62100550618129,6.270919370634444,8.702972920684559,69.46100505722951,13.769218816222578,71.27423147626602,1.916918418303783,1.0,17.15999984741211,,,,,,
2025-07-18,2025-07-18,AMDL,SEMI,loss,-0.41,0,2.0,76.6332461712118,4.542595926897479,8.309252321604577,59.8046065396343,3.9237214391166924,68.27647575267164,2.0255768722820173,1.0,16.40999984741211,10.270000457763672,64.4,18.54,14.24,28.05,0.73
2025-07-15,2025-07-18,MSTU,BTC,loss,-1.67,3,2.0,78.11769823695613,5.96908840581426,8.820016413072974,69.11411829684084,11.401592996814527,71.87508888586896,2.0328563758378317,1.0,17.3799991607666,100.80000305175781,67.6,20.85,22.78,16.53,1.34
2025-07-17,2025-07-18,BNKU,OTHER,loss,-3.71,1,2.0,75.31717263718028,6.184583146806839,10.147744460349205,68.53650351747143,11.571039033533689,70.85134816445247,2.429693575398644,1.0,16.520000457763672,,,,,,
2025-07-17,2025-07-18,BNKU,OTHER,loss,-4.34,1,2.0,75.31717263718028,6.184583146806839,10.147744460349205,68.53650351747143,11.571039033533689,70.85134816445247,2.429693575398644,1.0,16.520000457763672,,,,,,
2025-07-18,2025-07-22,AMDL,SEMI,loss,-1.22,4,2.0,76.6332461712118,4.542595926897479,8.309252321604577,59.8046065396343,3.9237214391166924,68.27647575267164,2.0255768722820173,1.0,16.40999984741211,10.270000457763672,64.4,18.54,14.24,28.05,0.73
2025-07-22,2025-07-22,TSM2,OTHER,loss,-4.57,0,2.0,78.56726606726606,4.33875888895246,2.1800847794485545,67.4075633287066,3.2368020133587874,71.18239853418063,1.401364733107583,1.0,16.5,,,,,,
2025-07-22,2025-07-22,ROBN,BTC,loss,-0.8,0,2.0,78.56726606726606,4.33875888895246,2.1800847794485545,67.4075633287066,3.2368020133587874,71.18239853418063,1.401364733107583,1.0,16.5,58.03102111816406,59.7,11.04,3.71,22.42,0.76
2025-07-22,2025-07-22,NFLX2,OTHER,loss,-7.08,0,2.0,78.56726606726606,4.33875888895246,2.1800847794485545,67.4075633287066,3.2368020133587874,71.18239853418063,1.401364733107583,1.0,16.5,,,,,,
2025-07-22,2025-07-22,CONL,BTC,loss,-1.7,0,2.0,78.56726606726606,4.33875888895246,2.1800847794485545,67.4075633287066,3.2368020133587874,71.18239853418063,1.401364733107583,1.0,16.5,60.130001068115234,77.2,14.15,8.32,28.32,0.63
2025-07-22,2025-07-22,CONL,BTC,loss,-4.66,0,2.0,78.56726606726606,4.33875888895246,2.1800847794485545,67.4075633287066,3.2368020133587874,71.18239853418063,1.401364733107583,1.0,16.5,60.130001068115234,77.2,14.15,8.32,28.32,0.63
2025-07-22,2025-07-22,CONL,BTC,loss,-4.88,0,2.0,78.56726606726606,4.33875888895246,2.1800847794485545,67.4075633287066,3.2368020133587874,71.18239853418063,1.401364733107583,1.0,16.5,60.130001068115234,77.2,14.15,8.32,28.32,0.63
2025-07-18,2025-08-13,MSTU,BTC,loss,-22.2,26,2.0,76.6332461712118,4.542595926897479,8.309252321604577,59.8046065396343,3.9237214391166924,68.27647575267164,2.0255768722820173,1.0,16.40999984741211,91.5999984741211,57.6,5.07,-6.44,7.39,1.67
2025-07-21,2025-08-14,MSTU,BTC,loss,-28.0,24,2.0,76.22374330553481,2.6131732930562257,-0.06590802194496037,56.01374381674733,3.952983803431824,67.70284054563372,2.2022097179539077,1.0,16.649999618530273,92.5,53.9,4.96,-11.99,13.22,0.78
2025-07-22,2025-08-20,CONL,BTC,loss,-50.65,29,2.0,78.56726606726606,4.33875888895246,2.1800847794485545,67.4075633287066,3.2368020133587874,71.18239853418063,1.401364733107583,1.0,16.5,60.130001068115234,77.2,14.15,8.32,28.32,0.63
2025-07-22,2025-09-01,CONL,BTC,loss,-51.52,41,2.0,78.56726606726606,4.33875888895246,2.1800847794485545,67.4075633287066,3.2368020133587874,71.18239853418063,1.401364733107583,1.0,16.5,60.130001068115234,77.2,14.15,8.32,28.32,0.63
2025-07-21,2025-09-01,MSTU,BTC,loss,-47.89,42,2.0,76.22374330553481,2.6131732930562257,-0.06590802194496037,56.01374381674733,3.952983803431824,67.70284054563372,2.2022097179539077,1.0,16.649999618530273,92.5,53.9,4.96,-11.99,13.22,0.78
2025-07-22,2025-09-09,CONL,BTC,loss,-51.3,49,2.0,78.56726606726606,4.33875888895246,2.1800847794485545,67.4075633287066,3.2368020133587874,71.18239853418063,1.401364733107583,1.0,16.5,60.130001068115234,77.2,14.15,8.32,28.32,0.63
2025-07-22,2025-09-26,CONL,BTC,loss,-48.73,66,2.0,78.56726606726606,4.33875888895246,2.1800847794485545,67.4075633287066,3.2368020133587874,71.18239853418063,1.401364733107583,1.0,16.5,60.130001068115234,77.2,14.15,8.32,28.32,0.63
2025-07-22,2025-09-26,CONL,BTC,loss,-48.71,66,2.0,78.56726606726606,4.33875888895246,2.1800847794485545,67.4075633287066,3.2368020133587874,71.18239853418063,1.401364733107583,1.0,16.5,60.130001068115234,77.2,14.15,8.32,28.32,0.63
2025-07-23,2025-10-07,ROBN,BTC,loss,-55.21,76,2.0,70.41221320294743,2.8529241688340554,-0.3031967953014303,53.78452043769981,-0.516734876224551,70.07111451759363,1.6432542761881492,1.0,15.369999885559082,58.14168167114258,54.1,9.26,-3.5,14.73,0.38
2025-07-21,2025-10-08,MSTU,BTC,loss,-46.11,79,2.0,76.22374330553481,2.6131732930562257,-0.06590802194496037,56.01374381674733,3.952983803431824,67.70284054563372,2.2022097179539077,1.0,16.649999618530273,92.5,53.9,4.96,-11.99,13.22,0.78
2025-10-07,2025-10-08,SOXL,SEMI,loss,-0.25,1,2.0,68.61448332338338,4.487409449499392,10.730514914252431,49.60995723940662,-1.177208653609395,67.25203987736447,1.4024579235789862,1.0,17.239999771118164,38.83000183105469,73.0,14.38,11.45,13.21,1.36
2025-07-21,2025-10-10,MSTU,BTC,loss,-54.65,81,2.0,76.22374330553481,2.6131732930562257,-0.06590802194496037,56.01374381674733,3.952983803431824,67.70284054563372,2.2022097179539077,1.0,16.649999618530273,92.5,53.9,4.96,-11.99,13.22,0.78
2025-07-23,2025-12-29,ROBN,BTC,loss,-91.86,159,2.0,70.41221320294743,2.8529241688340554,-0.3031967953014303,53.78452043769981,-0.516734876224551,70.07111451759363,1.6432542761881492,1.0,15.369999885559082,58.14168167114258,54.1,9.26,-3.5,14.73,0.38
2025-07-22,2025-12-31,CONL,BTC,loss,-76.22,162,2.0,78.56726606726606,4.33875888895246,2.1800847794485545,67.4075633287066,3.2368020133587874,71.18239853418063,1.401364733107583,1.0,16.5,60.130001068115234,77.2,14.15,8.32,28.32,0.63
2025-07-22,2026-01-15,CONL,BTC,loss,-55.33,177,2.0,78.56726606726606,4.33875888895246,2.1800847794485545,67.4075633287066,3.2368020133587874,71.18239853418063,1.401364733107583,1.0,16.5,60.130001068115234,77.2,14.15,8.32,28.32,0.63
2026-01-16,2026-01-16,IREN,BTC,loss,-2.57,0,2.0,68.14103957690362,4.524654410164658,1.9162536020556509,59.468738976020546,6.869527024624657,46.89052392759517,0.12246571600303795,1.0,15.859999656677246,57.81999969482422,75.8,29.11,25.61,35.41,1.64
2025-09-12,2026-01-16,CONL,BTC,loss,-12.04,126,2.0,79.78078001220982,4.186980867151259,4.407343851816203,34.268527485620794,-2.4332797537852517,67.95391798801737,2.147016509803936,1.0,14.760000228881836,35.08000183105469,50.6,7.46,16.04,9.25,1.27
2025-08-12,2026-01-16,CONL,BTC,loss,-41.36,157,2.0,56.23623565553456,2.8860510343141508,6.794811935616796,43.72855639084204,-2.8416546983016997,64.16115088261438,2.557979583396832,1.0,14.729999542236328,36.04999923706055,20.4,-24.81,16.48,-28.47,1.1
2026-01-19,2026-01-22,SOXL,SEMI,loss,-4.21,3,1.0,45.39013665338235,0.291889503834063,2.2543611391893537,59.468738976020546,6.869527024624657,46.89052392759517,0.12246571600303795,1.0,15.859999656677246,60.75,76.7,24.43,12.6,28.6,0.84
2026-01-21,2026-01-22,FDL,OTHER,loss,-13.82,1,0.0,44.36951712424876,-3.2262104400293588,-1.5969839793254947,54.45168026399521,0.7484922417003008,47.34181127060896,-0.6781712439394298,0.0,16.899999618530273,,,,,,
2025-12-29,2026-02-05,CONL,BTC,loss,-38.86,38,0.0,53.575122281235174,-1.2623605052062417,-1.0955790307782043,28.150088440193954,-9.428970907877044,47.83708749998734,0.34924177647603316,1.0,14.199999809265137,15.6899995803833,19.3,-18.58,-9.57,-24.75,0.81
